<?xml version="1.0"?>
<opencv_storage>
<stage4>
  <maxWeakCount>100</maxWeakCount>
  <stageThreshold>-1.6947242021560669e+00</stageThreshold>
  <weakClassifiers>
    <_>
      <internalNodes>
        0 -1 34236 -6.8900451064109802e-02</internalNodes>
      <leafValues>
        6.0075300931930542e-01 -2.6419985294342041e-01</leafValues></_>
    <_>
      <internalNodes>
        0 -1 171 -5.7755175977945328e-02</internalNodes>
      <leafValues>
        2.8279015421867371e-01 -3.2169291377067566e-01</leafValues></_>
    <_>
      <internalNodes>
        0 -1 2153 -1.3578172028064728e-01</internalNodes>
      <leafValues>
        2.7552124857902527e-01 -2.4923583865165710e-01</leafValues></_>
    <_>
      <internalNodes>
        0 -1 9 -1.4795598690398037e-04</internalNodes>
      <leafValues>
        1.4594891667366028e-01 -3.3242380619049072e-01</leafValues></_>
    <_>
      <internalNodes>
        0 -1 19666 1.5887480229139328e-02</internalNodes>
      <leafValues>
        -1.5751253068447113e-01 3.9101749658584595e-01</leafValues></_>
    <_>
      <internalNodes>
        0 -1 20626 6.1605181545019150e-02</internalNodes>
      <leafValues>
        -6.6944010555744171e-02 3.9698094129562378e-01</leafValues></_>
    <_>
      <internalNodes>
        0 -1 1812 -9.9082681117579341e-05</internalNodes>
      <leafValues>
        1.4567980170249939e-01 -2.6917323470115662e-01</leafValues></_>
    <_>
      <internalNodes>
        0 -1 19870 1.4083825983107090e-02</internalNodes>
      <leafValues>
        -1.1255412548780441e-01 3.7068569660186768e-01</leafValues></_>
    <_>
      <internalNodes>
        0 -1 8156 -1.0907688736915588e-01</internalNodes>
      <leafValues>
        2.4914184212684631e-01 -1.3136088848114014e-01</leafValues></_>
    <_>
      <internalNodes>
        0 -1 19433 2.0230999216437340e-02</internalNodes>
      <leafValues>
        -9.8336033523082733e-02 3.9792296290397644e-01</leafValues></_>
    <_>
      <internalNodes>
        0 -1 3185 -3.6648199893534184e-03</internalNodes>
      <leafValues>
        -4.4258058071136475e-01 6.6386193037033081e-02</leafValues></_>
    <_>
      <internalNodes>
        0 -1 18082 1.9192148000001907e-02</internalNodes>
      <leafValues>
        -8.5365414619445801e-02 3.3768191933631897e-01</leafValues></_>
    <_>
      <internalNodes>
        0 -1 16497 2.7652943506836891e-02</internalNodes>
      <leafValues>
        -7.6391279697418213e-02 3.8731759786605835e-01</leafValues></_>
    <_>
      <internalNodes>
        0 -1 1003 9.0681500732898712e-03</internalNodes>
      <leafValues>
        6.7672885954380035e-02 -4.3442144989967346e-01</leafValues></_>
    <_>
      <internalNodes>
        0 -1 1 1.7844259273260832e-03</internalNodes>
      <leafValues>
        5.6500952690839767e-02 -4.9600121378898621e-01</leafValues></_>
    <_>
      <internalNodes>
        0 -1 899 -1.9001358747482300e-01</internalNodes>
      <leafValues>
        1.7164792120456696e-01 -1.5690143406391144e-01</leafValues></_>
    <_>
      <internalNodes>
        0 -1 6 8.6508761160075665e-04</internalNodes>
      <leafValues>
        5.8865368366241455e-02 -3.7419971823692322e-01</leafValues></_>
    <_>
      <internalNodes>
        0 -1 6 -1.2788164895027876e-03</internalNodes>
      <leafValues>
        -4.0510767698287964e-01 6.6105604171752930e-02</leafValues></_>
    <_>
      <internalNodes>
        0 -1 3743 -3.5273402929306030e-02</internalNodes>
      <leafValues>
        3.6306664347648621e-01 -8.2644201815128326e-02</leafValues></_>
    <_>
      <internalNodes>
        0 -1 23233 -1.8776154518127441e-01</internalNodes>
      <leafValues>
        4.5223277807235718e-01 -5.2444133907556534e-02</leafValues></_>
    <_>
      <internalNodes>
        0 -1 2463 -1.0143662802875042e-02</internalNodes>
      <leafValues>
        3.4485155344009399e-01 -6.8039245903491974e-02</leafValues></_>
    <_>
      <internalNodes>
        0 -1 1925 -6.0383751988410950e-02</internalNodes>
      <leafValues>
        1.9108751416206360e-01 -1.2501725554466248e-01</leafValues></_>
    <_>
      <internalNodes>
        0 -1 33973 -7.8347313683480024e-04</internalNodes>
      <leafValues>
        -2.8409665822982788e-01 8.1802263855934143e-02</leafValues></_>
    <_>
      <internalNodes>
        0 -1 6345 -1.1196155101060867e-02</internalNodes>
      <leafValues>
        -4.8976725339889526e-01 5.0635699182748795e-02</leafValues></_>
    <_>
      <internalNodes>
        0 -1 5676 1.3883298635482788e-01</internalNodes>
      <leafValues>
        4.9434825778007507e-02 -4.1311222314834595e-01</leafValues></_>
    <_>
      <internalNodes>
        0 -1 1861 1.3423601165413857e-02</internalNodes>
      <leafValues>
        6.6038750112056732e-02 -3.4835699200630188e-01</leafValues></_>
    <_>
      <internalNodes>
        0 -1 3219 1.0321766138076782e-01</internalNodes>
      <leafValues>
        4.3549928814172745e-02 -4.3584382534027100e-01</leafValues></_>
    <_>
      <internalNodes>
        0 -1 23311 -1.7510878387838602e-03</internalNodes>
      <leafValues>
        -3.6834800243377686e-01 5.4208692163228989e-02</leafValues></_>
    <_>
      <internalNodes>
        0 -1 19732 -7.7715935185551643e-03</internalNodes>
      <leafValues>
        2.7787867188453674e-01 -7.5250379741191864e-02</leafValues></_>
    <_>
      <internalNodes>
        0 -1 23311 1.2530445819720626e-03</internalNodes>
      <leafValues>
        6.3968747854232788e-02 -2.9206568002700806e-01</leafValues></_>
    <_>
      <internalNodes>
        0 -1 26335 2.4291105568408966e-02</internalNodes>
      <leafValues>
        -5.4641935974359512e-02 3.4988063573837280e-01</leafValues></_>
    <_>
      <internalNodes>
        0 -1 31368 1.4565570279955864e-02</internalNodes>
      <leafValues>
        -8.6916707456111908e-02 2.4652740359306335e-01</leafValues></_>
    <_>
      <internalNodes>
        0 -1 5547 -3.5167508758604527e-03</internalNodes>
      <leafValues>
        2.0165720582008362e-01 -8.8886015117168427e-02</leafValues></_>
    <_>
      <internalNodes>
        0 -1 34131 1.7046406865119934e-02</internalNodes>
      <leafValues>
        5.4587721824645996e-02 -3.4699034690856934e-01</leafValues></_>
    <_>
      <internalNodes>
        0 -1 9158 2.0566351711750031e-02</internalNodes>
      <leafValues>
        -6.7534260451793671e-02 2.6475816965103149e-01</leafValues></_>
    <_>
      <internalNodes>
        0 -1 3226 -5.8509048540145159e-04</internalNodes>
      <leafValues>
        -2.5851926207542419e-01 8.2621023058891296e-02</leafValues></_>
    <_>
      <internalNodes>
        0 -1 3256 -4.4726603664457798e-03</internalNodes>
      <leafValues>
        -4.7245022654533386e-01 3.3190511167049408e-02</leafValues></_>
    <_>
      <internalNodes>
        0 -1 33104 -1.2802706658840179e-01</internalNodes>
      <leafValues>
        4.2647683620452881e-01 -4.0621679276227951e-02</leafValues></_>
    <_>
      <internalNodes>
        0 -1 2187 1.2479612603783607e-02</internalNodes>
      <leafValues>
        -5.3281567990779877e-02 2.6455321907997131e-01</leafValues></_>
    <_>
      <internalNodes>
        0 -1 3316 6.3965697772800922e-03</internalNodes>
      <leafValues>
        4.6824004501104355e-02 -3.3826172351837158e-01</leafValues></_>
    <_>
      <internalNodes>
        0 -1 31786 -2.0324124488979578e-03</internalNodes>
      <leafValues>
        -3.8794413208961487e-01 3.3781372010707855e-02</leafValues></_>
    <_>
      <internalNodes>
        0 -1 21914 -9.9858231842517853e-03</internalNodes>
      <leafValues>
        2.6611435413360596e-01 -5.1445931196212769e-02</leafValues></_>
    <_>
      <internalNodes>
        0 -1 24785 2.1830957848578691e-03</internalNodes>
      <leafValues>
        4.3338939547538757e-02 -3.4258648753166199e-01</leafValues></_>
    <_>
      <internalNodes>
        0 -1 18481 -3.4272328019142151e-02</internalNodes>
      <leafValues>
        3.2426440715789795e-01 -4.5503217726945877e-02</leafValues></_>
    <_>
      <internalNodes>
        0 -1 10169 2.4295857176184654e-02</internalNodes>
      <leafValues>
        -5.3817864507436752e-02 2.6470860838890076e-01</leafValues></_>
    <_>
      <internalNodes>
        0 -1 15936 -1.6751427203416824e-02</internalNodes>
      <leafValues>
        -3.7598970532417297e-01 3.3422239124774933e-02</leafValues></_>
    <_>
      <internalNodes>
        0 -1 73 -1.5660125063732266e-04</internalNodes>
      <leafValues>
        1.1311067640781403e-01 -1.1182039231061935e-01</leafValues></_>
    <_>
      <internalNodes>
        0 -1 33062 2.1195257082581520e-02</internalNodes>
      <leafValues>
        -8.5420705378055573e-02 1.4939604699611664e-01</leafValues></_>
    <_>
      <internalNodes>
        0 -1 1817 -5.7568419724702835e-03</internalNodes>
      <leafValues>
        -3.4509158134460449e-01 3.6072723567485809e-02</leafValues></_>
    <_>
      <internalNodes>
        0 -1 34496 -4.4689718633890152e-03</internalNodes>
      <leafValues>
        1.7600347101688385e-01 -7.0455022156238556e-02</leafValues></_>
    <_>
      <internalNodes>
        0 -1 24785 -1.5551047399640083e-03</internalNodes>
      <leafValues>
        -2.4465081095695496e-01 5.0231833010911942e-02</leafValues></_>
    <_>
      <internalNodes>
        0 -1 11772 1.1544501408934593e-02</internalNodes>
      <leafValues>
        -4.0579043328762054e-02 2.9900744557380676e-01</leafValues></_>
    <_>
      <internalNodes>
        0 -1 23081 -3.8915544748306274e-02</internalNodes>
      <leafValues>
        -5.3045254945755005e-01 2.3901296779513359e-02</leafValues></_>
    <_>
      <internalNodes>
        0 -1 25558 -1.1620623990893364e-02</internalNodes>
      <leafValues>
        2.4320736527442932e-01 -5.4012633860111237e-02</leafValues></_>
    <_>
      <internalNodes>
        0 -1 20699 -5.3641572594642639e-03</internalNodes>
      <leafValues>
        -5.1689857244491577e-01 2.3827588185667992e-02</leafValues></_>
    <_>
      <internalNodes>
        0 -1 34637 8.2586542703211308e-05</internalNodes>
      <leafValues>
        -9.7819320857524872e-02 1.1608649045228958e-01</leafValues></_>
    <_>
      <internalNodes>
        0 -1 34637 -1.1227840150240809e-04</internalNodes>
      <leafValues>
        1.3702461123466492e-01 -9.9685944616794586e-02</leafValues></_>
    <_>
      <internalNodes>
        0 -1 35135 1.6502982005476952e-02</internalNodes>
      <leafValues>
        2.3601563647389412e-02 -4.5045876502990723e-01</leafValues></_>
    <_>
      <internalNodes>
        0 -1 0 1.0974402539432049e-03</internalNodes>
      <leafValues>
        3.2180797308683395e-02 -3.1111979484558105e-01</leafValues></_>
    <_>
      <internalNodes>
        0 -1 3517 5.9252481907606125e-02</internalNodes>
      <leafValues>
        -5.7159490883350372e-02 1.9776640832424164e-01</leafValues></_>
    <_>
      <internalNodes>
        0 -1 14879 -9.4168782234191895e-03</internalNodes>
      <leafValues>
        -3.0587631464004517e-01 3.6402396857738495e-02</leafValues></_>
    <_>
      <internalNodes>
        0 -1 2739 -1.6221199184656143e-02</internalNodes>
      <leafValues>
        1.4737990498542786e-01 -7.1945764124393463e-02</leafValues></_>
    <_>
      <internalNodes>
        0 -1 5945 8.9589506387710571e-05</internalNodes>
      <leafValues>
        -8.7774209678173065e-02 1.2399917095899582e-01</leafValues></_>
    <_>
      <internalNodes>
        0 -1 3065 -1.5422096475958824e-03</internalNodes>
      <leafValues>
        -2.8340205550193787e-01 3.8930807262659073e-02</leafValues></_>
    <_>
      <internalNodes>
        0 -1 3235 -3.6554283724399284e-05</internalNodes>
      <leafValues>
        1.1047467589378357e-01 -9.7969383001327515e-02</leafValues></_>
    <_>
      <internalNodes>
        0 -1 1466 1.3778641819953918e-02</internalNodes>
      <leafValues>
        -4.1794389486312866e-02 2.5576090812683105e-01</leafValues></_>
    <_>
      <internalNodes>
        0 -1 3061 -8.9135742746293545e-04</internalNodes>
      <leafValues>
        -1.9641569256782532e-01 5.6228224188089371e-02</leafValues></_>
    <_>
      <internalNodes>
        0 -1 9034 7.6189674437046051e-03</internalNodes>
      <leafValues>
        -3.9808694273233414e-02 2.7580237388610840e-01</leafValues></_>
    <_>
      <internalNodes>
        0 -1 33964 2.6794043369591236e-03</internalNodes>
      <leafValues>
        2.9024360701441765e-02 -3.7447437644004822e-01</leafValues></_>
    <_>
      <internalNodes>
        0 -1 3761 -1.4856685884296894e-03</internalNodes>
      <leafValues>
        -2.8389000892639160e-01 3.3952079713344574e-02</leafValues></_>
    <_>
      <internalNodes>
        0 -1 26023 1.0588194709271193e-04</internalNodes>
      <leafValues>
        -8.9012004435062408e-02 1.1302474141120911e-01</leafValues></_>
    <_>
      <internalNodes>
        0 -1 10323 -5.1425613462924957e-02</internalNodes>
      <leafValues>
        -3.8321569561958313e-01 3.2737031579017639e-02</leafValues></_>
    <_>
      <internalNodes>
        0 -1 191 -1.9937582314014435e-02</internalNodes>
      <leafValues>
        2.1251709759235382e-01 -5.3096018731594086e-02</leafValues></_>
    <_>
      <internalNodes>
        0 -1 4552 2.4381950497627258e-02</internalNodes>
      <leafValues>
        -5.3976934403181076e-02 2.0038311183452606e-01</leafValues></_>
    <_>
      <internalNodes>
        0 -1 35131 5.9963576495647430e-03</internalNodes>
      <leafValues>
        3.5413362085819244e-02 -3.2743006944656372e-01</leafValues></_>
    <_>
      <internalNodes>
        0 -1 33999 1.5311127528548241e-02</internalNodes>
      <leafValues>
        3.1544294208288193e-02 -3.1158250570297241e-01</leafValues></_>
    <_>
      <internalNodes>
        0 -1 28022 -1.2131586670875549e-02</internalNodes>
      <leafValues>
        2.4327062070369720e-01 -4.2240295559167862e-02</leafValues></_>
    <_>
      <internalNodes>
        0 -1 25869 2.8047703206539154e-02</internalNodes>
      <leafValues>
        2.5939833372831345e-02 -3.6425521969795227e-01</leafValues></_>
    <_>
      <internalNodes>
        0 -1 26934 -1.4956253580749035e-03</internalNodes>
      <leafValues>
        -1.1737879365682602e-01 8.5001245141029358e-02</leafValues></_>
    <_>
      <internalNodes>
        0 -1 18431 -1.7094986140727997e-01</internalNodes>
      <leafValues>
        3.0188605189323425e-01 -3.3819399774074554e-02</leafValues></_>
    <_>
      <internalNodes>
        0 -1 34379 -1.2263034284114838e-01</internalNodes>
      <leafValues>
        3.0694553256034851e-01 -3.2125521451234818e-02</leafValues></_>
    <_>
      <internalNodes>
        0 -1 34236 -6.9066613912582397e-02</internalNodes>
      <leafValues>
        -1.9963932037353516e-01 5.2776411175727844e-02</leafValues></_>
    <_>
      <internalNodes>
        0 -1 9521 -5.3342834115028381e-02</internalNodes>
      <leafValues>
        1.5002952516078949e-01 -7.1367144584655762e-02</leafValues></_>
    <_>
      <internalNodes>
        0 -1 2674 -3.1786754727363586e-02</internalNodes>
      <leafValues>
        2.0284883677959442e-01 -5.5784180760383606e-02</leafValues></_>
    <_>
      <internalNodes>
        0 -1 3504 1.4744448661804199e-01</internalNodes>
      <leafValues>
        2.2122165188193321e-02 -4.5514091849327087e-01</leafValues></_>
    <_>
      <internalNodes>
        0 -1 34863 -9.6076284535229206e-04</internalNodes>
      <leafValues>
        -2.1559052169322968e-01 4.5255213975906372e-02</leafValues></_>
    <_>
      <internalNodes>
        0 -1 34634 8.1530615687370300e-02</internalNodes>
      <leafValues>
        1.6817675903439522e-02 -5.2546334266662598e-01</leafValues></_>
    <_>
      <internalNodes>
        0 -1 24661 -1.2211907655000687e-02</internalNodes>
      <leafValues>
        1.8945994973182678e-01 -5.7168036699295044e-02</leafValues></_>
    <_>
      <internalNodes>
        0 -1 12215 3.6302004009485245e-03</internalNodes>
      <leafValues>
        2.6822181418538094e-02 -3.4733691811561584e-01</leafValues></_>
    <_>
      <internalNodes>
        0 -1 29394 -1.5460303425788879e-01</internalNodes>
      <leafValues>
        4.1595262289047241e-01 -2.3353084921836853e-02</leafValues></_>
    <_>
      <internalNodes>
        0 -1 392 -3.8383603096008301e-02</internalNodes>
      <leafValues>
        1.2046094983816147e-01 -8.3358339965343475e-02</leafValues></_>
    <_>
      <internalNodes>
        0 -1 33097 3.2571177929639816e-02</internalNodes>
      <leafValues>
        -3.6613781005144119e-02 3.1353813409805298e-01</leafValues></_>
    <_>
      <internalNodes>
        0 -1 6283 -7.9750060103833675e-04</internalNodes>
      <leafValues>
        -1.9077020883560181e-01 4.6281266957521439e-02</leafValues></_>
    <_>
      <internalNodes>
        0 -1 9005 1.1869811714859679e-04</internalNodes>
      <leafValues>
        -8.0304339528083801e-02 1.0229758173227310e-01</leafValues></_>
    <_>
      <internalNodes>
        0 -1 175 -4.6486482024192810e-02</internalNodes>
      <leafValues>
        1.1662504822015762e-01 -8.1515863537788391e-02</leafValues></_>
    <_>
      <internalNodes>
        0 -1 20280 7.7877435833215714e-03</internalNodes>
      <leafValues>
        2.8884653002023697e-02 -3.0300131440162659e-01</leafValues></_>
    <_>
      <internalNodes>
        0 -1 12137 -2.3813147097826004e-02</internalNodes>
      <leafValues>
        1.8983475863933563e-01 -4.6384494751691818e-02</leafValues></_>
    <_>
      <internalNodes>
        0 -1 16868 -8.1226872280240059e-03</internalNodes>
      <leafValues>
        1.8808753788471222e-01 -4.7002736479043961e-02</leafValues></_>
    <_>
      <internalNodes>
        0 -1 3087 -6.3866563141345978e-03</internalNodes>
      <leafValues>
        -3.0389025807380676e-01 3.1393963843584061e-02</leafValues></_>
    <_>
      <internalNodes>
        0 -1 5529 7.9074176028370857e-04</internalNodes>
      <leafValues>
        5.0291050225496292e-02 -1.6733950376510620e-01</leafValues></_></weakClassifiers></stage4>
</opencv_storage>
