<?xml version="1.0"?>
<opencv_storage>
<stage9>
  <maxWeakCount>100</maxWeakCount>
  <stageThreshold>-1.6414393186569214e+00</stageThreshold>
  <weakClassifiers>
    <_>
      <internalNodes>
        0 -1 23882 -2.9737871885299683e-01</internalNodes>
      <leafValues>
        4.2096400260925293e-01 -1.9065780937671661e-01</leafValues></_>
    <_>
      <internalNodes>
        0 -1 162 -4.4924151152372360e-02</internalNodes>
      <leafValues>
        1.9735407829284668e-01 -2.7878114581108093e-01</leafValues></_>
    <_>
      <internalNodes>
        0 -1 21144 -3.7707179784774780e-01</internalNodes>
      <leafValues>
        5.1407945156097412e-01 -6.3056804239749908e-02</leafValues></_>
    <_>
      <internalNodes>
        0 -1 119 4.8585259355604649e-04</internalNodes>
      <leafValues>
        6.5719999372959137e-02 -3.4980115294456482e-01</leafValues></_>
    <_>
      <internalNodes>
        0 -1 19885 -1.1988355219364166e-01</internalNodes>
      <leafValues>
        2.7846202254295349e-01 -9.0840987861156464e-02</leafValues></_>
    <_>
      <internalNodes>
        0 -1 1005 7.8184138983488083e-03</internalNodes>
      <leafValues>
        6.8320579826831818e-02 -3.6153951287269592e-01</leafValues></_>
    <_>
      <internalNodes>
        0 -1 7636 5.1313890144228935e-03</internalNodes>
      <leafValues>
        2.9777081683278084e-02 -3.9240390062332153e-01</leafValues></_>
    <_>
      <internalNodes>
        0 -1 19167 -4.8802789300680161e-02</internalNodes>
      <leafValues>
        4.3929371237754822e-01 -4.9103952944278717e-02</leafValues></_>
    <_>
      <internalNodes>
        0 -1 3169 -1.1145356111228466e-03</internalNodes>
      <leafValues>
        -3.3626371622085571e-01 4.6484917402267456e-02</leafValues></_>
    <_>
      <internalNodes>
        0 -1 16515 3.0536647886037827e-02</internalNodes>
      <leafValues>
        -6.3184835016727448e-02 2.8576749563217163e-01</leafValues></_>
    <_>
      <internalNodes>
        0 -1 9590 -5.0853129476308823e-02</internalNodes>
      <leafValues>
        1.3176245987415314e-01 -1.3821312785148621e-01</leafValues></_>
    <_>
      <internalNodes>
        0 -1 9755 2.4305742233991623e-02</internalNodes>
      <leafValues>
        -6.9243103265762329e-02 2.7224591374397278e-01</leafValues></_>
    <_>
      <internalNodes>
        0 -1 34658 -4.8416788922622800e-04</internalNodes>
      <leafValues>
        -2.4267068505287170e-01 7.3745898902416229e-02</leafValues></_>
    <_>
      <internalNodes>
        0 -1 23882 -2.9729878902435303e-01</internalNodes>
      <leafValues>
        -2.2616408765316010e-01 6.9985412061214447e-02</leafValues></_>
    <_>
      <internalNodes>
        0 -1 14567 -4.2895272374153137e-02</internalNodes>
      <leafValues>
        2.8931674361228943e-01 -5.3011190146207809e-02</leafValues></_>
    <_>
      <internalNodes>
        0 -1 2462 -1.0319588705897331e-02</internalNodes>
      <leafValues>
        1.7242720723152161e-01 -8.9446954429149628e-02</leafValues></_>
    <_>
      <internalNodes>
        0 -1 10298 -1.4099799096584320e-02</internalNodes>
      <leafValues>
        -3.6571738123893738e-01 4.2748313397169113e-02</leafValues></_>
    <_>
      <internalNodes>
        0 -1 528 -3.8579449057579041e-02</internalNodes>
      <leafValues>
        2.6066857576370239e-01 -6.1121013015508652e-02</leafValues></_>
    <_>
      <internalNodes>
        0 -1 12372 -1.3869570568203926e-02</internalNodes>
      <leafValues>
        -3.1698402762413025e-01 5.0563808530569077e-02</leafValues></_>
    <_>
      <internalNodes>
        0 -1 12439 -1.9172446802258492e-02</internalNodes>
      <leafValues>
        -3.7535679340362549e-01 4.0195163339376450e-02</leafValues></_>
    <_>
      <internalNodes>
        0 -1 1939 -9.9572181701660156e-02</internalNodes>
      <leafValues>
        -4.8039019107818604e-01 2.1974727511405945e-02</leafValues></_>
    <_>
      <internalNodes>
        0 -1 3251 7.4666127562522888e-02</internalNodes>
      <leafValues>
        2.9327696189284325e-02 -4.4940635561943054e-01</leafValues></_>
    <_>
      <internalNodes>
        0 -1 17679 5.5545503273606300e-03</internalNodes>
      <leafValues>
        2.6544252410531044e-02 -4.4420778751373291e-01</leafValues></_>
    <_>
      <internalNodes>
        0 -1 28349 -9.0502593666315079e-03</internalNodes>
      <leafValues>
        2.5368481874465942e-01 -5.5229336023330688e-02</leafValues></_>
    <_>
      <internalNodes>
        0 -1 15145 -4.2524486780166626e-02</internalNodes>
      <leafValues>
        -4.4561827182769775e-01 3.4890167415142059e-02</leafValues></_>
    <_>
      <internalNodes>
        0 -1 33820 7.3848897591233253e-03</internalNodes>
      <leafValues>
        -1.2560868263244629e-01 1.0678716748952866e-01</leafValues></_>
    <_>
      <internalNodes>
        0 -1 32604 6.8408232182264328e-03</internalNodes>
      <leafValues>
        -5.5600900202989578e-02 2.4609242379665375e-01</leafValues></_>
    <_>
      <internalNodes>
        0 -1 25295 -2.8677221387624741e-02</internalNodes>
      <leafValues>
        -3.8794451951980591e-01 3.9450675249099731e-02</leafValues></_>
    <_>
      <internalNodes>
        0 -1 18577 -1.2783275917172432e-02</internalNodes>
      <leafValues>
        2.1344684064388275e-01 -5.6795082986354828e-02</leafValues></_>
    <_>
      <internalNodes>
        0 -1 19732 1.1908936314284801e-02</internalNodes>
      <leafValues>
        -4.4738192111253738e-02 3.1834900379180908e-01</leafValues></_>
    <_>
      <internalNodes>
        0 -1 24696 -1.3360800221562386e-04</internalNodes>
      <leafValues>
        8.2836113870143890e-02 -1.5179941058158875e-01</leafValues></_>
    <_>
      <internalNodes>
        0 -1 540 1.0945019312202930e-03</internalNodes>
      <leafValues>
        3.1002152711153030e-02 -3.8276457786560059e-01</leafValues></_>
    <_>
      <internalNodes>
        0 -1 2722 3.1455573625862598e-03</internalNodes>
      <leafValues>
        4.5839004218578339e-02 -2.4729283154010773e-01</leafValues></_>
    <_>
      <internalNodes>
        0 -1 2463 7.7240103855729103e-03</internalNodes>
      <leafValues>
        -5.8471046388149261e-02 1.9890351593494415e-01</leafValues></_>
    <_>
      <internalNodes>
        0 -1 30563 -3.1126053072512150e-03</internalNodes>
      <leafValues>
        -3.2229813933372498e-01 3.6983128637075424e-02</leafValues></_>
    <_>
      <internalNodes>
        0 -1 2186 -5.8824811130762100e-03</internalNodes>
      <leafValues>
        1.6146390140056610e-01 -7.1323260664939880e-02</leafValues></_>
    <_>
      <internalNodes>
        0 -1 6 -1.1476990766823292e-03</internalNodes>
      <leafValues>
        -2.8448182344436646e-01 4.2088266462087631e-02</leafValues></_>
    <_>
      <internalNodes>
        0 -1 20312 1.6000291332602501e-02</internalNodes>
      <leafValues>
        -5.6253608316183090e-02 2.1324077248573303e-01</leafValues></_>
    <_>
      <internalNodes>
        0 -1 15796 1.3528549112379551e-02</internalNodes>
      <leafValues>
        -7.3872260749340057e-02 1.9414442777633667e-01</leafValues></_>
    <_>
      <internalNodes>
        0 -1 12215 3.0938102863729000e-03</internalNodes>
      <leafValues>
        2.9724489897489548e-02 -4.0179032087326050e-01</leafValues></_>
    <_>
      <internalNodes>
        0 -1 8285 2.5561941787600517e-02</internalNodes>
      <leafValues>
        -5.6954249739646912e-02 2.0043128728866577e-01</leafValues></_>
    <_>
      <internalNodes>
        0 -1 34120 -1.1959938332438469e-02</internalNodes>
      <leafValues>
        -2.7180755138397217e-01 4.2355626821517944e-02</leafValues></_>
    <_>
      <internalNodes>
        0 -1 18796 -1.5485507249832153e-01</internalNodes>
      <leafValues>
        4.0324708819389343e-01 -3.0353188514709473e-02</leafValues></_>
    <_>
      <internalNodes>
        0 -1 8134 -4.0376096963882446e-02</internalNodes>
      <leafValues>
        1.3893678784370422e-01 -7.6504096388816833e-02</leafValues></_>
    <_>
      <internalNodes>
        0 -1 21424 -1.0547734797000885e-02</internalNodes>
      <leafValues>
        -3.7716940045356750e-01 2.7769137173891068e-02</leafValues></_>
    <_>
      <internalNodes>
        0 -1 35131 7.2019090875983238e-03</internalNodes>
      <leafValues>
        2.5473950430750847e-02 -3.4668135643005371e-01</leafValues></_>
    <_>
      <internalNodes>
        0 -1 22434 1.0965092107653618e-02</internalNodes>
      <leafValues>
        -5.3091939538717270e-02 1.8577240407466888e-01</leafValues></_>
    <_>
      <internalNodes>
        0 -1 14568 1.8211457878351212e-02</internalNodes>
      <leafValues>
        -4.9433268606662750e-02 2.0062866806983948e-01</leafValues></_>
    <_>
      <internalNodes>
        0 -1 26834 -4.5386264100670815e-03</internalNodes>
      <leafValues>
        -3.4871083498001099e-01 3.0729714781045914e-02</leafValues></_>
    <_>
      <internalNodes>
        0 -1 18501 -3.4988798201084137e-02</internalNodes>
      <leafValues>
        2.5089487433433533e-01 -4.1077878326177597e-02</leafValues></_>
    <_>
      <internalNodes>
        0 -1 35086 -7.1239017415791750e-04</internalNodes>
      <leafValues>
        -1.3704319298267365e-01 7.2426468133926392e-02</leafValues></_>
    <_>
      <internalNodes>
        0 -1 9292 -1.0297945700585842e-03</internalNodes>
      <leafValues>
        -1.9115743041038513e-01 5.1214151084423065e-02</leafValues></_>
    <_>
      <internalNodes>
        0 -1 26283 -8.9086014777421951e-03</internalNodes>
      <leafValues>
        1.7945490777492523e-01 -5.3007435053586960e-02</leafValues></_>
    <_>
      <internalNodes>
        0 -1 31367 2.1936837583780289e-03</internalNodes>
      <leafValues>
        -9.9119588732719421e-02 1.0398653149604797e-01</leafValues></_>
    <_>
      <internalNodes>
        0 -1 22607 7.5266724452376366e-03</internalNodes>
      <leafValues>
        2.4160070344805717e-02 -3.8182431459426880e-01</leafValues></_>
    <_>
      <internalNodes>
        0 -1 73 -1.0158985969610512e-04</internalNodes>
      <leafValues>
        9.3997336924076080e-02 -9.8398096859455109e-02</leafValues></_>
    <_>
      <internalNodes>
        0 -1 6791 1.8186205998063087e-03</internalNodes>
      <leafValues>
        4.0268246084451675e-02 -2.2979035973548889e-01</leafValues></_>
    <_>
      <internalNodes>
        0 -1 22097 -7.5534125789999962e-03</internalNodes>
      <leafValues>
        2.0364217460155487e-01 -4.8599638044834137e-02</leafValues></_>
    <_>
      <internalNodes>
        0 -1 9 -2.1488373167812824e-03</internalNodes>
      <leafValues>
        8.3526752889156342e-02 -1.0887052863836288e-01</leafValues></_>
    <_>
      <internalNodes>
        0 -1 462 -4.8752385191619396e-04</internalNodes>
      <leafValues>
        -8.3381712436676025e-02 1.1801481992006302e-01</leafValues></_>
    <_>
      <internalNodes>
        0 -1 30225 -2.8174798935651779e-03</internalNodes>
      <leafValues>
        -3.4228339791297913e-01 2.6253897696733475e-02</leafValues></_>
    <_>
      <internalNodes>
        0 -1 11550 -6.8481364287436008e-03</internalNodes>
      <leafValues>
        1.7515169084072113e-01 -5.4355774074792862e-02</leafValues></_>
    <_>
      <internalNodes>
        0 -1 5525 -1.1855845514219254e-04</internalNodes>
      <leafValues>
        1.0556012392044067e-01 -9.1063819825649261e-02</leafValues></_>
    <_>
      <internalNodes>
        0 -1 2161 5.3399931639432907e-03</internalNodes>
      <leafValues>
        2.5573447346687317e-02 -3.6505773663520813e-01</leafValues></_>
    <_>
      <internalNodes>
        0 -1 8608 -5.4456228390336037e-03</internalNodes>
      <leafValues>
        1.5378569066524506e-01 -5.5147785693407059e-02</leafValues></_>
    <_>
      <internalNodes>
        0 -1 17417 -2.0962323993444443e-02</internalNodes>
      <leafValues>
        -3.4587267041206360e-01 2.5735106319189072e-02</leafValues></_>
    <_>
      <internalNodes>
        0 -1 35207 2.2138217173051089e-04</internalNodes>
      <leafValues>
        -1.1445762962102890e-01 7.6660558581352234e-02</leafValues></_>
    <_>
      <internalNodes>
        0 -1 18032 -2.3855905979871750e-02</internalNodes>
      <leafValues>
        2.0083662867546082e-01 -4.3852023780345917e-02</leafValues></_>
    <_>
      <internalNodes>
        0 -1 34739 2.5830669328570366e-03</internalNodes>
      <leafValues>
        2.1718472242355347e-02 -3.8018324971199036e-01</leafValues></_>
    <_>
      <internalNodes>
        0 -1 32945 1.1211405217181891e-04</internalNodes>
      <leafValues>
        -8.5745364427566528e-02 9.2944875359535217e-02</leafValues></_>
    <_>
      <internalNodes>
        0 -1 1417 1.6573607921600342e-02</internalNodes>
      <leafValues>
        -7.3251739144325256e-02 1.1473557353019714e-01</leafValues></_>
    <_>
      <internalNodes>
        0 -1 27193 5.4514035582542419e-03</internalNodes>
      <leafValues>
        -6.2465202063322067e-02 1.5793167054653168e-01</leafValues></_>
    <_>
      <internalNodes>
        0 -1 6796 1.0098958387970924e-02</internalNodes>
      <leafValues>
        2.2075563669204712e-02 -3.8610264658927917e-01</leafValues></_>
    <_>
      <internalNodes>
        0 -1 17667 -1.1805942049250007e-03</internalNodes>
      <leafValues>
        -2.3106366395950317e-01 3.2950360327959061e-02</leafValues></_>
    <_>
      <internalNodes>
        0 -1 34948 1.6543289646506310e-02</internalNodes>
      <leafValues>
        -4.2312454432249069e-02 1.8464851379394531e-01</leafValues></_>
    <_>
      <internalNodes>
        0 -1 34235 2.4885751307010651e-02</internalNodes>
      <leafValues>
        2.4492971599102020e-02 -3.5912850499153137e-01</leafValues></_>
    <_>
      <internalNodes>
        0 -1 6982 -6.5077535808086395e-02</internalNodes>
      <leafValues>
        1.4129482209682465e-01 -5.3453344851732254e-02</leafValues></_>
    <_>
      <internalNodes>
        0 -1 30472 -1.1461957357823849e-02</internalNodes>
      <leafValues>
        1.3127106428146362e-01 -8.8064529001712799e-02</leafValues></_>
    <_>
      <internalNodes>
        0 -1 33636 5.8931801468133926e-03</internalNodes>
      <leafValues>
        -8.2329243421554565e-02 9.3982726335525513e-02</leafValues></_>
    <_>
      <internalNodes>
        0 -1 26366 1.0276173055171967e-01</internalNodes>
      <leafValues>
        2.1532475948333740e-02 -3.2796689867973328e-01</leafValues></_>
    <_>
      <internalNodes>
        0 -1 34288 2.3334641009569168e-02</internalNodes>
      <leafValues>
        -4.6477030962705612e-02 1.6218936443328857e-01</leafValues></_>
    <_>
      <internalNodes>
        0 -1 6368 -4.0116544812917709e-02</internalNodes>
      <leafValues>
        -4.3769082427024841e-01 1.6115868464112282e-02</leafValues></_>
    <_>
      <internalNodes>
        0 -1 22555 2.4995575658977032e-03</internalNodes>
      <leafValues>
        2.4088265374302864e-02 -2.7324533462524414e-01</leafValues></_>
    <_>
      <internalNodes>
        0 -1 11945 -5.9640305116772652e-03</internalNodes>
      <leafValues>
        1.1235479265451431e-01 -6.7527532577514648e-02</leafValues></_>
    <_>
      <internalNodes>
        0 -1 24785 -1.6073826700448990e-03</internalNodes>
      <leafValues>
        -2.0266042649745941e-01 3.5839192569255829e-02</leafValues></_>
    <_>
      <internalNodes>
        0 -1 22139 -7.0227421820163727e-03</internalNodes>
      <leafValues>
        9.0891353785991669e-02 -8.7343692779541016e-02</leafValues></_>
    <_>
      <internalNodes>
        0 -1 19735 -4.1842395439743996e-03</internalNodes>
      <leafValues>
        1.2336784601211548e-01 -6.4621366560459137e-02</leafValues></_>
    <_>
      <internalNodes>
        0 -1 3400 3.0150108039379120e-02</internalNodes>
      <leafValues>
        -4.2512495070695877e-02 1.7000232636928558e-01</leafValues></_>
    <_>
      <internalNodes>
        0 -1 17836 1.8446542322635651e-02</internalNodes>
      <leafValues>
        2.5607030838727951e-02 -3.0827456712722778e-01</leafValues></_>
    <_>
      <internalNodes>
        0 -1 4572 3.2016105949878693e-02</internalNodes>
      <leafValues>
        -4.5758124440908432e-02 1.7564547061920166e-01</leafValues></_>
    <_>
      <internalNodes>
        0 -1 13565 -2.7684964239597321e-02</internalNodes>
      <leafValues>
        -2.6776203513145447e-01 2.7446711435914040e-02</leafValues></_>
    <_>
      <internalNodes>
        0 -1 14121 -1.1097006063209847e-04</internalNodes>
      <leafValues>
        8.3927027881145477e-02 -8.4874376654624939e-02</leafValues></_>
    <_>
      <internalNodes>
        0 -1 6551 2.7247405052185059e-01</internalNodes>
      <leafValues>
        1.6720144078135490e-02 -4.0790471434593201e-01</leafValues></_>
    <_>
      <internalNodes>
        0 -1 31786 -8.5825804853811860e-04</internalNodes>
      <leafValues>
        -1.7750464379787445e-01 3.9241284132003784e-02</leafValues></_>
    <_>
      <internalNodes>
        0 -1 31786 6.7536707501858473e-04</internalNodes>
      <leafValues>
        4.7710981220006943e-02 -1.4965368807315826e-01</leafValues></_>
    <_>
      <internalNodes>
        0 -1 18541 -1.1388568964321166e-04</internalNodes>
      <leafValues>
        7.9843886196613312e-02 -9.0577028691768646e-02</leafValues></_>
    <_>
      <internalNodes>
        0 -1 4118 4.3585814535617828e-02</internalNodes>
      <leafValues>
        -2.7629455551505089e-02 2.4637004733085632e-01</leafValues></_>
    <_>
      <internalNodes>
        0 -1 12592 -2.7912437915802002e-01</internalNodes>
      <leafValues>
        1.4690597355365753e-01 -4.4376842677593231e-02</leafValues></_>
    <_>
      <internalNodes>
        0 -1 31870 -6.8008305970579386e-04</internalNodes>
      <leafValues>
        -1.1079546064138412e-01 7.1161560714244843e-02</leafValues></_>
    <_>
      <internalNodes>
        0 -1 11499 -3.3783499151468277e-02</internalNodes>
      <leafValues>
        1.7113539576530457e-01 -4.2240224778652191e-02</leafValues></_></weakClassifiers></stage9>
</opencv_storage>
