<?xml version="1.0"?>
<opencv_storage>
<stage14>
  <maxWeakCount>100</maxWeakCount>
  <stageThreshold>-1.5324920415878296e+00</stageThreshold>
  <weakClassifiers>
    <_>
      <internalNodes>
        0 -1 29210 -1.1523155868053436e-01</internalNodes>
      <leafValues>
        3.5121041536331177e-01 -1.7742238938808441e-01</leafValues></_>
    <_>
      <internalNodes>
        0 -1 90 -5.3565977141261101e-03</internalNodes>
      <leafValues>
        1.6170591115951538e-01 -3.9014166593551636e-01</leafValues></_>
    <_>
      <internalNodes>
        0 -1 1650 -1.0783183574676514e+00</internalNodes>
      <leafValues>
        3.3358097076416016e-01 -9.1859333217144012e-02</leafValues></_>
    <_>
      <internalNodes>
        0 -1 541 -1.7470182501710951e-04</internalNodes>
      <leafValues>
        1.0220587253570557e-01 -2.7349570393562317e-01</leafValues></_>
    <_>
      <internalNodes>
        0 -1 99 -1.6005303710699081e-02</internalNodes>
      <leafValues>
        2.5585356354713440e-01 -6.6188968718051910e-02</leafValues></_>
    <_>
      <internalNodes>
        0 -1 33375 1.1087678372859955e-02</internalNodes>
      <leafValues>
        -1.3311344385147095e-01 1.6589036583900452e-01</leafValues></_>
    <_>
      <internalNodes>
        0 -1 29976 -5.7253763079643250e-03</internalNodes>
      <leafValues>
        2.4749660491943359e-01 -8.5740007460117340e-02</leafValues></_>
    <_>
      <internalNodes>
        0 -1 1007 3.7369422614574432e-02</internalNodes>
      <leafValues>
        4.4835448265075684e-02 -4.4236761331558228e-01</leafValues></_>
    <_>
      <internalNodes>
        0 -1 35214 5.6558940559625626e-04</internalNodes>
      <leafValues>
        -1.9724483788013458e-01 9.8073162138462067e-02</leafValues></_>
    <_>
      <internalNodes>
        0 -1 5 4.0620034560561180e-03</internalNodes>
      <leafValues>
        4.0707912296056747e-02 -4.3349462747573853e-01</leafValues></_>
    <_>
      <internalNodes>
        0 -1 9386 1.1849186848849058e-03</internalNodes>
      <leafValues>
        6.2960758805274963e-02 -2.6735785603523254e-01</leafValues></_>
    <_>
      <internalNodes>
        0 -1 17925 -3.7079446017742157e-02</internalNodes>
      <leafValues>
        2.7749440073966980e-01 -6.0733467340469360e-02</leafValues></_>
    <_>
      <internalNodes>
        0 -1 6557 5.3957007825374603e-02</internalNodes>
      <leafValues>
        -7.3133409023284912e-02 2.2763457894325256e-01</leafValues></_>
    <_>
      <internalNodes>
        0 -1 3886 -1.5648145228624344e-02</internalNodes>
      <leafValues>
        1.8080520629882813e-01 -8.6835108697414398e-02</leafValues></_>
    <_>
      <internalNodes>
        0 -1 17293 -3.1429730355739594e-02</internalNodes>
      <leafValues>
        -3.7078595161437988e-01 3.9679173380136490e-02</leafValues></_>
    <_>
      <internalNodes>
        0 -1 4954 -1.0619712993502617e-03</internalNodes>
      <leafValues>
        1.1478069424629211e-01 -1.2514346837997437e-01</leafValues></_>
    <_>
      <internalNodes>
        0 -1 8371 -2.4519185535609722e-03</internalNodes>
      <leafValues>
        1.4155592024326324e-01 -1.0391927510499954e-01</leafValues></_>
    <_>
      <internalNodes>
        0 -1 997 4.3600788339972496e-03</internalNodes>
      <leafValues>
        4.0462885051965714e-02 -3.9077699184417725e-01</leafValues></_>
    <_>
      <internalNodes>
        0 -1 11252 -2.0763713866472244e-02</internalNodes>
      <leafValues>
        1.7332479357719421e-01 -7.9508438706398010e-02</leafValues></_>
    <_>
      <internalNodes>
        0 -1 26361 -2.1738551557064056e-02</internalNodes>
      <leafValues>
        2.1124006807804108e-01 -7.0067629218101501e-02</leafValues></_>
    <_>
      <internalNodes>
        0 -1 992 -1.5104818157851696e-04</internalNodes>
      <leafValues>
        8.3297356963157654e-02 -1.5108409523963928e-01</leafValues></_>
    <_>
      <internalNodes>
        0 -1 248 -1.9845621660351753e-02</internalNodes>
      <leafValues>
        1.9475069642066956e-01 -6.9883368909358978e-02</leafValues></_>
    <_>
      <internalNodes>
        0 -1 28725 2.7739021461457014e-03</internalNodes>
      <leafValues>
        -7.6193533837795258e-02 1.8872052431106567e-01</leafValues></_>
    <_>
      <internalNodes>
        0 -1 2744 9.9184308201074600e-03</internalNodes>
      <leafValues>
        2.7234748005867004e-02 -4.2337378859519958e-01</leafValues></_>
    <_>
      <internalNodes>
        0 -1 4 -5.4207434877753258e-03</internalNodes>
      <leafValues>
        -5.9536087512969971e-01 1.9945947453379631e-02</leafValues></_>
    <_>
      <internalNodes>
        0 -1 35210 -9.1217625886201859e-03</internalNodes>
      <leafValues>
        -5.3051638603210449e-01 1.8348198384046555e-02</leafValues></_>
    <_>
      <internalNodes>
        0 -1 22618 -1.1667678132653236e-02</internalNodes>
      <leafValues>
        -5.2166616916656494e-01 1.9801877439022064e-02</leafValues></_>
    <_>
      <internalNodes>
        0 -1 27912 -1.0270677506923676e-01</internalNodes>
      <leafValues>
        3.6362665891647339e-01 -3.2319765537977219e-02</leafValues></_>
    <_>
      <internalNodes>
        0 -1 33730 5.0869612023234367e-03</internalNodes>
      <leafValues>
        -7.9856052994728088e-02 1.4426311850547791e-01</leafValues></_>
    <_>
      <internalNodes>
        0 -1 23624 1.2573788408190012e-03</internalNodes>
      <leafValues>
        4.7744937241077423e-02 -2.5190758705139160e-01</leafValues></_>
    <_>
      <internalNodes>
        0 -1 24689 1.7031950119417161e-04</internalNodes>
      <leafValues>
        -8.7133549153804779e-02 1.3138547539710999e-01</leafValues></_>
    <_>
      <internalNodes>
        0 -1 24351 -5.8057578280568123e-03</internalNodes>
      <leafValues>
        1.4328245818614960e-01 -7.6858133077621460e-02</leafValues></_>
    <_>
      <internalNodes>
        0 -1 30467 5.5798934772610664e-03</internalNodes>
      <leafValues>
        -8.7745532393455505e-02 1.2352811545133591e-01</leafValues></_>
    <_>
      <internalNodes>
        0 -1 3230 -3.5456201294437051e-04</internalNodes>
      <leafValues>
        -2.2939266264438629e-01 4.8490084707736969e-02</leafValues></_>
    <_>
      <internalNodes>
        0 -1 1431 -2.0556864328682423e-03</internalNodes>
      <leafValues>
        -3.7025451660156250e-01 2.5743536651134491e-02</leafValues></_>
    <_>
      <internalNodes>
        0 -1 3093 1.1722325347363949e-02</internalNodes>
      <leafValues>
        -4.3238319456577301e-02 2.3602332174777985e-01</leafValues></_>
    <_>
      <internalNodes>
        0 -1 12062 -8.5458829998970032e-03</internalNodes>
      <leafValues>
        -2.8384149074554443e-01 3.5784721374511719e-02</leafValues></_>
    <_>
      <internalNodes>
        0 -1 4300 -6.9225151091814041e-03</internalNodes>
      <leafValues>
        7.6857946813106537e-02 -1.2795296311378479e-01</leafValues></_>
    <_>
      <internalNodes>
        0 -1 13473 2.7237106114625931e-02</internalNodes>
      <leafValues>
        -8.6747720837593079e-02 1.1611346900463104e-01</leafValues></_>
    <_>
      <internalNodes>
        0 -1 34512 1.3200499117374420e-02</internalNodes>
      <leafValues>
        -5.3812421858310699e-02 2.2140277922153473e-01</leafValues></_>
    <_>
      <internalNodes>
        0 -1 34224 1.7560115084052086e-02</internalNodes>
      <leafValues>
        2.9412193223834038e-02 -3.7380027770996094e-01</leafValues></_>
    <_>
      <internalNodes>
        0 -1 26371 1.9456896185874939e-01</internalNodes>
      <leafValues>
        2.1596653386950493e-02 -4.4295608997344971e-01</leafValues></_>
    <_>
      <internalNodes>
        0 -1 26939 1.1431615799665451e-02</internalNodes>
      <leafValues>
        2.2107716649770737e-02 -4.2567619681358337e-01</leafValues></_>
    <_>
      <internalNodes>
        0 -1 29735 3.5157543607056141e-03</internalNodes>
      <leafValues>
        -8.3063751459121704e-02 1.0948055982589722e-01</leafValues></_>
    <_>
      <internalNodes>
        0 -1 9404 -1.0907931718975306e-03</internalNodes>
      <leafValues>
        8.0747842788696289e-02 -1.1055033653974533e-01</leafValues></_>
    <_>
      <internalNodes>
        0 -1 713 5.2649661898612976e-02</internalNodes>
      <leafValues>
        -3.6710884422063828e-02 2.8146854043006897e-01</leafValues></_>
    <_>
      <internalNodes>
        0 -1 3761 5.9763772878795862e-04</internalNodes>
      <leafValues>
        5.7471387088298798e-02 -2.0027987658977509e-01</leafValues></_>
    <_>
      <internalNodes>
        0 -1 17672 1.1018237099051476e-02</internalNodes>
      <leafValues>
        2.0405346527695656e-02 -4.4702202081680298e-01</leafValues></_>
    <_>
      <internalNodes>
        0 -1 19728 -5.7863704860210419e-03</internalNodes>
      <leafValues>
        1.6402289271354675e-01 -5.7928424328565598e-02</leafValues></_>
    <_>
      <internalNodes>
        0 -1 19722 2.1504787728190422e-03</internalNodes>
      <leafValues>
        -6.1058498919010162e-02 1.3667100667953491e-01</leafValues></_>
    <_>
      <internalNodes>
        0 -1 22567 1.5175638254731894e-03</internalNodes>
      <leafValues>
        3.1025875359773636e-02 -2.6350852847099304e-01</leafValues></_>
    <_>
      <internalNodes>
        0 -1 9551 7.7764880843460560e-03</internalNodes>
      <leafValues>
        -5.5444162338972092e-02 1.6406087577342987e-01</leafValues></_>
    <_>
      <internalNodes>
        0 -1 12640 -2.7411628514528275e-02</internalNodes>
      <leafValues>
        2.0266552269458771e-01 -5.0384961068630219e-02</leafValues></_>
    <_>
      <internalNodes>
        0 -1 20601 1.0621668770909309e-02</internalNodes>
      <leafValues>
        -6.5456211566925049e-02 1.6831289231777191e-01</leafValues></_>
    <_>
      <internalNodes>
        0 -1 545 6.2055056914687157e-03</internalNodes>
      <leafValues>
        2.0516168326139450e-02 -4.3595525622367859e-01</leafValues></_>
    <_>
      <internalNodes>
        0 -1 12374 -3.3274977467954159e-03</internalNodes>
      <leafValues>
        8.6241610348224640e-02 -1.0487461090087891e-01</leafValues></_>
    <_>
      <internalNodes>
        0 -1 22567 -8.7112135952338576e-04</internalNodes>
      <leafValues>
        -1.8259096145629883e-01 5.1862236112356186e-02</leafValues></_>
    <_>
      <internalNodes>
        0 -1 953 3.5669885575771332e-02</internalNodes>
      <leafValues>
        -4.5321539044380188e-02 2.0025789737701416e-01</leafValues></_>
    <_>
      <internalNodes>
        0 -1 22667 1.4669368043541908e-02</internalNodes>
      <leafValues>
        3.0832340940833092e-02 -3.2940679788589478e-01</leafValues></_>
    <_>
      <internalNodes>
        0 -1 29838 1.5598378377035260e-03</internalNodes>
      <leafValues>
        -9.3810573220252991e-02 8.6035765707492828e-02</leafValues></_>
    <_>
      <internalNodes>
        0 -1 35167 1.0500848293304443e-02</internalNodes>
      <leafValues>
        1.7586598172783852e-02 -4.5820981264114380e-01</leafValues></_>
    <_>
      <internalNodes>
        0 -1 2905 -5.8739669620990753e-03</internalNodes>
      <leafValues>
        1.6255787014961243e-01 -5.1881104707717896e-02</leafValues></_>
    <_>
      <internalNodes>
        0 -1 2905 4.3867016211152077e-03</internalNodes>
      <leafValues>
        -5.6712888181209564e-02 1.5308746695518494e-01</leafValues></_>
    <_>
      <internalNodes>
        0 -1 34840 -5.2504683844745159e-04</internalNodes>
      <leafValues>
        -1.2559030950069427e-01 6.7916639149188995e-02</leafValues></_>
    <_>
      <internalNodes>
        0 -1 6 -1.5773430932313204e-03</internalNodes>
      <leafValues>
        -3.0460873246192932e-01 2.7183936908841133e-02</leafValues></_>
    <_>
      <internalNodes>
        0 -1 34205 1.5536558930762112e-04</internalNodes>
      <leafValues>
        -8.0151945352554321e-02 1.0340472310781479e-01</leafValues></_>
    <_>
      <internalNodes>
        0 -1 21261 1.0443046689033508e-02</internalNodes>
      <leafValues>
        -5.7775378227233887e-02 1.4631256461143494e-01</leafValues></_>
    <_>
      <internalNodes>
        0 -1 5238 -3.5620014386950061e-05</internalNodes>
      <leafValues>
        -6.9502316415309906e-02 1.3136202096939087e-01</leafValues></_>
    <_>
      <internalNodes>
        0 -1 3139 -2.9803410143358633e-05</internalNodes>
      <leafValues>
        -1.6244570910930634e-01 5.7293362915515900e-02</leafValues></_>
    <_>
      <internalNodes>
        0 -1 28487 2.3622261360287666e-03</internalNodes>
      <leafValues>
        -6.4113825559616089e-02 1.5465551614761353e-01</leafValues></_>
    <_>
      <internalNodes>
        0 -1 7230 -7.0805370341986418e-04</internalNodes>
      <leafValues>
        7.1297354996204376e-02 -1.2252859026193619e-01</leafValues></_>
    <_>
      <internalNodes>
        0 -1 3141 -4.0413233364233747e-05</internalNodes>
      <leafValues>
        -1.1761818826198578e-01 7.7040694653987885e-02</leafValues></_>
    <_>
      <internalNodes>
        0 -1 13521 4.6742386184632778e-03</internalNodes>
      <leafValues>
        -6.8476587533950806e-02 1.2481322139501572e-01</leafValues></_>
    <_>
      <internalNodes>
        0 -1 29473 -3.7928633391857147e-03</internalNodes>
      <leafValues>
        -3.3858358860015869e-01 2.5267712771892548e-02</leafValues></_>
    <_>
      <internalNodes>
        0 -1 35111 8.8594742119312286e-03</internalNodes>
      <leafValues>
        1.8218837678432465e-02 -3.9625984430313110e-01</leafValues></_>
    <_>
      <internalNodes>
        0 -1 22753 8.1413695588707924e-03</internalNodes>
      <leafValues>
        -5.7533528655767441e-02 1.3677704334259033e-01</leafValues></_>
    <_>
      <internalNodes>
        0 -1 22848 -4.8073185607790947e-03</internalNodes>
      <leafValues>
        1.1867334693670273e-01 -1.0388509184122086e-01</leafValues></_>
    <_>
      <internalNodes>
        0 -1 27088 1.3927757740020752e-02</internalNodes>
      <leafValues>
        -6.1999190598726273e-02 1.3400709629058838e-01</leafValues></_>
    <_>
      <internalNodes>
        0 -1 32170 -1.4113141223788261e-03</internalNodes>
      <leafValues>
        -2.5233849883079529e-01 3.4560725092887878e-02</leafValues></_>
    <_>
      <internalNodes>
        0 -1 34449 1.3959088362753391e-02</internalNodes>
      <leafValues>
        -4.8673190176486969e-02 1.9290992617607117e-01</leafValues></_>
    <_>
      <internalNodes>
        0 -1 32669 -2.3956377059221268e-02</internalNodes>
      <leafValues>
        3.0813243985176086e-01 -3.0932206660509109e-02</leafValues></_>
    <_>
      <internalNodes>
        0 -1 1397 5.0285076722502708e-03</internalNodes>
      <leafValues>
        -9.0127497911453247e-02 9.7144626080989838e-02</leafValues></_>
    <_>
      <internalNodes>
        0 -1 9550 1.1376314796507359e-02</internalNodes>
      <leafValues>
        3.5089612007141113e-02 -2.4772080779075623e-01</leafValues></_>
    <_>
      <internalNodes>
        0 -1 18835 -1.6400743275880814e-02</internalNodes>
      <leafValues>
        1.6034036874771118e-01 -5.1037471741437912e-02</leafValues></_>
    <_>
      <internalNodes>
        0 -1 6286 6.0497606173157692e-03</internalNodes>
      <leafValues>
        3.5489689558744431e-02 -2.3659209907054901e-01</leafValues></_>
    <_>
      <internalNodes>
        0 -1 34393 -1.1676759459078312e-02</internalNodes>
      <leafValues>
        -2.7234613895416260e-01 2.4902438744902611e-02</leafValues></_>
    <_>
      <internalNodes>
        0 -1 73 1.0747551918029785e-02</internalNodes>
      <leafValues>
        -3.2883092761039734e-02 2.3075480759143829e-01</leafValues></_>
    <_>
      <internalNodes>
        0 -1 12226 -2.1329890005290508e-03</internalNodes>
      <leafValues>
        7.6324686408042908e-02 -1.0028900951147079e-01</leafValues></_>
    <_>
      <internalNodes>
        0 -1 984 5.4476116783916950e-03</internalNodes>
      <leafValues>
        -8.8876880705356598e-02 9.7693540155887604e-02</leafValues></_>
    <_>
      <internalNodes>
        0 -1 3169 -1.7382479272782803e-03</internalNodes>
      <leafValues>
        -2.7669239044189453e-01 2.6366753503680229e-02</leafValues></_>
    <_>
      <internalNodes>
        0 -1 421 -3.8099819421768188e-01</internalNodes>
      <leafValues>
        1.2013086676597595e-01 -6.9218657910823822e-02</leafValues></_>
    <_>
      <internalNodes>
        0 -1 18998 3.5122346598654985e-03</internalNodes>
      <leafValues>
        -7.0761002600193024e-02 1.3305424153804779e-01</leafValues></_>
    <_>
      <internalNodes>
        0 -1 18709 -1.2057242915034294e-02</internalNodes>
      <leafValues>
        1.4928963780403137e-01 -5.5821783840656281e-02</leafValues></_>
    <_>
      <internalNodes>
        0 -1 30293 2.2361432202160358e-03</internalNodes>
      <leafValues>
        2.5730416178703308e-02 -3.3903855085372925e-01</leafValues></_>
    <_>
      <internalNodes>
        0 -1 9406 1.0198751464486122e-02</internalNodes>
      <leafValues>
        1.6347240656614304e-02 -4.5191937685012817e-01</leafValues></_>
    <_>
      <internalNodes>
        0 -1 34675 2.2271131165325642e-03</internalNodes>
      <leafValues>
        -8.5870735347270966e-02 8.4492668509483337e-02</leafValues></_>
    <_>
      <internalNodes>
        0 -1 26832 1.4232264948077500e-04</internalNodes>
      <leafValues>
        -7.6544292271137238e-02 1.0284519195556641e-01</leafValues></_>
    <_>
      <internalNodes>
        0 -1 3 -1.4991726493462920e-04</internalNodes>
      <leafValues>
        1.0164204239845276e-01 -7.4203342199325562e-02</leafValues></_>
    <_>
      <internalNodes>
        0 -1 30293 -1.0372477117925882e-03</internalNodes>
      <leafValues>
        -2.1235430240631104e-01 3.5844605416059494e-02</leafValues></_>
    <_>
      <internalNodes>
        0 -1 527 -2.1102789323776960e-03</internalNodes>
      <leafValues>
        -7.8960455954074860e-02 9.8101899027824402e-02</leafValues></_></weakClassifiers></stage14>
</opencv_storage>
