<?xml version="1.0"?>
<opencv_storage>
<stage8>
  <maxWeakCount>100</maxWeakCount>
  <stageThreshold>-1.6224741935729980e+00</stageThreshold>
  <weakClassifiers>
    <_>
      <internalNodes>
        0 -1 10828 -6.7423212528228760e-01</internalNodes>
      <leafValues>
        4.8557189106941223e-01 -2.1920244395732880e-01</leafValues></_>
    <_>
      <internalNodes>
        0 -1 95 -5.5608479306101799e-03</internalNodes>
      <leafValues>
        1.6514858603477478e-01 -4.1414752602577209e-01</leafValues></_>
    <_>
      <internalNodes>
        0 -1 1 -1.3506508548744023e-04</internalNodes>
      <leafValues>
        1.6104127466678619e-01 -2.6197183132171631e-01</leafValues></_>
    <_>
      <internalNodes>
        0 -1 23599 -3.2623833417892456e-01</internalNodes>
      <leafValues>
        4.8853090405464172e-01 -5.5840745568275452e-02</leafValues></_>
    <_>
      <internalNodes>
        0 -1 17251 -8.7114512920379639e-02</internalNodes>
      <leafValues>
        2.2664682567119598e-01 -1.8586812913417816e-01</leafValues></_>
    <_>
      <internalNodes>
        0 -1 5 -3.5343375056982040e-03</internalNodes>
      <leafValues>
        -4.3066495656967163e-01 4.8443283885717392e-02</leafValues></_>
    <_>
      <internalNodes>
        0 -1 94 -8.9853247627615929e-03</internalNodes>
      <leafValues>
        1.8723182380199432e-01 -1.1908109486103058e-01</leafValues></_>
    <_>
      <internalNodes>
        0 -1 9451 -5.2438476122915745e-03</internalNodes>
      <leafValues>
        1.0398389399051666e-01 -1.9331090152263641e-01</leafValues></_>
    <_>
      <internalNodes>
        0 -1 33057 1.2408549897372723e-02</internalNodes>
      <leafValues>
        -1.3333287835121155e-01 1.6225482523441315e-01</leafValues></_>
    <_>
      <internalNodes>
        0 -1 18067 1.5715219080448151e-02</internalNodes>
      <leafValues>
        -8.2501105964183807e-02 2.5606873631477356e-01</leafValues></_>
    <_>
      <internalNodes>
        0 -1 20620 -1.1220181360840797e-02</internalNodes>
      <leafValues>
        2.8327301144599915e-01 -1.1461278796195984e-01</leafValues></_>
    <_>
      <internalNodes>
        0 -1 545 4.7970823943614960e-03</internalNodes>
      <leafValues>
        4.7787193208932877e-02 -4.5253738760948181e-01</leafValues></_>
    <_>
      <internalNodes>
        0 -1 6101 2.7167153358459473e-01</internalNodes>
      <leafValues>
        3.2786656171083450e-02 -4.7130861878395081e-01</leafValues></_>
    <_>
      <internalNodes>
        0 -1 24942 -3.8889050483703613e-02</internalNodes>
      <leafValues>
        -4.9129730463027954e-01 3.5271927714347839e-02</leafValues></_>
    <_>
      <internalNodes>
        0 -1 4589 1.3682637654710561e-04</internalNodes>
      <leafValues>
        -1.9881723821163177e-01 7.8852213919162750e-02</leafValues></_>
    <_>
      <internalNodes>
        0 -1 24390 -9.4057014212012291e-03</internalNodes>
      <leafValues>
        1.9671152532100677e-01 -7.8170455992221832e-02</leafValues></_>
    <_>
      <internalNodes>
        0 -1 26523 8.1615261733531952e-03</internalNodes>
      <leafValues>
        -7.2855874896049500e-02 2.5116950273513794e-01</leafValues></_>
    <_>
      <internalNodes>
        0 -1 32922 -3.6177549191052094e-05</internalNodes>
      <leafValues>
        -2.1521393954753876e-01 6.7013345658779144e-02</leafValues></_>
    <_>
      <internalNodes>
        0 -1 29395 7.6253255829215050e-03</internalNodes>
      <leafValues>
        -9.6465729176998138e-02 1.4739285409450531e-01</leafValues></_>
    <_>
      <internalNodes>
        0 -1 4342 2.2814940661191940e-02</internalNodes>
      <leafValues>
        -7.2989620268344879e-02 2.4150818586349487e-01</leafValues></_>
    <_>
      <internalNodes>
        0 -1 4 -3.8726772181689739e-03</internalNodes>
      <leafValues>
        -4.3409410119056702e-01 3.4665293991565704e-02</leafValues></_>
    <_>
      <internalNodes>
        0 -1 8847 6.0923164710402489e-03</internalNodes>
      <leafValues>
        -6.2913537025451660e-02 2.3051822185516357e-01</leafValues></_>
    <_>
      <internalNodes>
        0 -1 8844 -3.6581552121788263e-03</internalNodes>
      <leafValues>
        1.9271215796470642e-01 -7.5206987559795380e-02</leafValues></_>
    <_>
      <internalNodes>
        0 -1 13549 -1.8761930987238884e-02</internalNodes>
      <leafValues>
        -4.1723504662513733e-01 3.5412069410085678e-02</leafValues></_>
    <_>
      <internalNodes>
        0 -1 2931 1.5392621979117393e-02</internalNodes>
      <leafValues>
        2.0913144573569298e-02 -5.1346772909164429e-01</leafValues></_>
    <_>
      <internalNodes>
        0 -1 26838 2.2069154307246208e-02</internalNodes>
      <leafValues>
        2.7032583951950073e-02 -4.5094543695449829e-01</leafValues></_>
    <_>
      <internalNodes>
        0 -1 9448 -4.4510729610919952e-02</internalNodes>
      <leafValues>
        -4.1094097495079041e-01 2.9430946335196495e-02</leafValues></_>
    <_>
      <internalNodes>
        0 -1 20417 -3.6387011408805847e-02</internalNodes>
      <leafValues>
        -4.9227201938629150e-01 2.3756716400384903e-02</leafValues></_>
    <_>
      <internalNodes>
        0 -1 232 -1.0766791552305222e-01</internalNodes>
      <leafValues>
        9.9680751562118530e-02 -1.3327941298484802e-01</leafValues></_>
    <_>
      <internalNodes>
        0 -1 24068 3.1997960060834885e-02</internalNodes>
      <leafValues>
        -3.8406684994697571e-02 3.5927426815032959e-01</leafValues></_>
    <_>
      <internalNodes>
        0 -1 16455 1.1328395456075668e-02</internalNodes>
      <leafValues>
        -7.1234144270420074e-02 1.9967229664325714e-01</leafValues></_>
    <_>
      <internalNodes>
        0 -1 549 -1.7442606622353196e-04</internalNodes>
      <leafValues>
        8.6208499968051910e-02 -1.6701078414916992e-01</leafValues></_>
    <_>
      <internalNodes>
        0 -1 756 -1.7406042665243149e-02</internalNodes>
      <leafValues>
        1.8448862433433533e-01 -7.9028084874153137e-02</leafValues></_>
    <_>
      <internalNodes>
        0 -1 26194 9.5297396183013916e-03</internalNodes>
      <leafValues>
        -7.4792169034481049e-02 1.8704621493816376e-01</leafValues></_>
    <_>
      <internalNodes>
        0 -1 7199 2.7655042707920074e-02</internalNodes>
      <leafValues>
        -7.3083251714706421e-02 1.8048472702503204e-01</leafValues></_>
    <_>
      <internalNodes>
        0 -1 3316 -1.5153922140598297e-02</internalNodes>
      <leafValues>
        -5.4776829481124878e-01 2.1321630105376244e-02</leafValues></_>
    <_>
      <internalNodes>
        0 -1 3113 -2.7674192097038031e-03</internalNodes>
      <leafValues>
        -2.2799664735794067e-01 4.9641948193311691e-02</leafValues></_>
    <_>
      <internalNodes>
        0 -1 34224 -1.7288766801357269e-02</internalNodes>
      <leafValues>
        -3.5724332928657532e-01 3.1462673097848892e-02</leafValues></_>
    <_>
      <internalNodes>
        0 -1 10828 -6.7514014244079590e-01</internalNodes>
      <leafValues>
        -1.9238302111625671e-01 5.6150544434785843e-02</leafValues></_>
    <_>
      <internalNodes>
        0 -1 3057 1.1337114498019218e-02</internalNodes>
      <leafValues>
        -6.9592937827110291e-02 1.8618866801261902e-01</leafValues></_>
    <_>
      <internalNodes>
        0 -1 31746 5.8508813381195068e-03</internalNodes>
      <leafValues>
        -1.0767484456300735e-01 1.0554737597703934e-01</leafValues></_>
    <_>
      <internalNodes>
        0 -1 421 -3.1225013732910156e-01</internalNodes>
      <leafValues>
        1.3387456536293030e-01 -9.2796005308628082e-02</leafValues></_>
    <_>
      <internalNodes>
        0 -1 26682 1.5190611593425274e-03</internalNodes>
      <leafValues>
        -9.1526187956333160e-02 1.3460594415664673e-01</leafValues></_>
    <_>
      <internalNodes>
        0 -1 33563 1.6557460185140371e-04</internalNodes>
      <leafValues>
        -1.2655591964721680e-01 9.3550585210323334e-02</leafValues></_>
    <_>
      <internalNodes>
        0 -1 15796 -2.0608836784958839e-02</internalNodes>
      <leafValues>
        2.1909260749816895e-01 -5.0161082297563553e-02</leafValues></_>
    <_>
      <internalNodes>
        0 -1 34195 -1.1506035923957825e-01</internalNodes>
      <leafValues>
        3.4663242101669312e-01 -2.9289245605468750e-02</leafValues></_>
    <_>
      <internalNodes>
        0 -1 34918 3.4611923620104790e-03</internalNodes>
      <leafValues>
        -7.5931802392005920e-02 1.5729904174804688e-01</leafValues></_>
    <_>
      <internalNodes>
        0 -1 34864 9.3848351389169693e-03</internalNodes>
      <leafValues>
        3.3846765756607056e-02 -3.1542566418647766e-01</leafValues></_>
    <_>
      <internalNodes>
        0 -1 33298 1.9194520427845418e-04</internalNodes>
      <leafValues>
        -1.2930688261985779e-01 8.3459891378879547e-02</leafValues></_>
    <_>
      <internalNodes>
        0 -1 22567 1.1107039172202349e-03</internalNodes>
      <leafValues>
        4.4877279549837112e-02 -2.3415406048297882e-01</leafValues></_>
    <_>
      <internalNodes>
        0 -1 22567 -1.4144355664029717e-03</internalNodes>
      <leafValues>
        -2.5536212325096130e-01 3.8954161107540131e-02</leafValues></_>
    <_>
      <internalNodes>
        0 -1 57 -1.3534430414438248e-02</internalNodes>
      <leafValues>
        1.9857245683670044e-01 -5.4161477833986282e-02</leafValues></_>
    <_>
      <internalNodes>
        0 -1 1430 3.5936636850237846e-03</internalNodes>
      <leafValues>
        3.8053631782531738e-02 -2.6308941841125488e-01</leafValues></_>
    <_>
      <internalNodes>
        0 -1 30120 4.5655188150703907e-03</internalNodes>
      <leafValues>
        -9.3057803809642792e-02 1.0444740206003189e-01</leafValues></_>
    <_>
      <internalNodes>
        0 -1 34642 -2.0633381791412830e-03</internalNodes>
      <leafValues>
        1.1584796011447906e-01 -1.0621580481529236e-01</leafValues></_>
    <_>
      <internalNodes>
        0 -1 24415 5.7213762775063515e-03</internalNodes>
      <leafValues>
        -6.4427427947521210e-02 1.9652338325977325e-01</leafValues></_>
    <_>
      <internalNodes>
        0 -1 12440 -2.3951448500156403e-02</internalNodes>
      <leafValues>
        -3.3011221885681152e-01 3.1084302812814713e-02</leafValues></_>
    <_>
      <internalNodes>
        0 -1 2186 1.1065210215747356e-02</internalNodes>
      <leafValues>
        -4.7488223761320114e-02 2.0425167679786682e-01</leafValues></_>
    <_>
      <internalNodes>
        0 -1 0 1.3024832587689161e-03</internalNodes>
      <leafValues>
        2.7800461277365685e-02 -3.6826360225677490e-01</leafValues></_>
    <_>
      <internalNodes>
        0 -1 24785 -5.1845870912075043e-03</internalNodes>
      <leafValues>
        -5.6038874387741089e-01 1.4259594492614269e-02</leafValues></_>
    <_>
      <internalNodes>
        0 -1 19513 -9.1667957603931427e-03</internalNodes>
      <leafValues>
        1.9488993287086487e-01 -4.8724882304668427e-02</leafValues></_>
    <_>
      <internalNodes>
        0 -1 26563 5.0111804157495499e-03</internalNodes>
      <leafValues>
        -5.2172467112541199e-02 1.9048178195953369e-01</leafValues></_>
    <_>
      <internalNodes>
        0 -1 15184 1.1789267882704735e-02</internalNodes>
      <leafValues>
        3.8650032132863998e-02 -2.5412708520889282e-01</leafValues></_>
    <_>
      <internalNodes>
        0 -1 24134 1.4804035890847445e-04</internalNodes>
      <leafValues>
        -1.0333511978387833e-01 9.8928026854991913e-02</leafValues></_>
    <_>
      <internalNodes>
        0 -1 35202 3.8166944868862629e-03</internalNodes>
      <leafValues>
        3.3857196569442749e-02 -2.9892128705978394e-01</leafValues></_>
    <_>
      <internalNodes>
        0 -1 24796 -1.6081036301329732e-04</internalNodes>
      <leafValues>
        1.1053556948900223e-01 -8.4168307483196259e-02</leafValues></_>
    <_>
      <internalNodes>
        0 -1 24796 7.1831731474958360e-05</internalNodes>
      <leafValues>
        -8.9331746101379395e-02 1.3159756362438202e-01</leafValues></_>
    <_>
      <internalNodes>
        0 -1 24785 1.1183469323441386e-03</internalNodes>
      <leafValues>
        4.5854635536670685e-02 -1.9953288137912750e-01</leafValues></_>
    <_>
      <internalNodes>
        0 -1 9688 -5.2468046545982361e-02</internalNodes>
      <leafValues>
        2.4184922873973846e-01 -3.7218760699033737e-02</leafValues></_>
    <_>
      <internalNodes>
        0 -1 15173 -2.4645391386002302e-03</internalNodes>
      <leafValues>
        1.0953962802886963e-01 -9.7164243459701538e-02</leafValues></_>
    <_>
      <internalNodes>
        0 -1 23065 9.2740874970331788e-04</internalNodes>
      <leafValues>
        -8.3357028663158417e-02 1.1271481961011887e-01</leafValues></_>
    <_>
      <internalNodes>
        0 -1 15124 -2.4874055758118629e-02</internalNodes>
      <leafValues>
        -3.3059889078140259e-01 3.2255608588457108e-02</leafValues></_>
    <_>
      <internalNodes>
        0 -1 17725 -5.7449825108051300e-02</internalNodes>
      <leafValues>
        2.6506775617599487e-01 -3.5633124411106110e-02</leafValues></_>
    <_>
      <internalNodes>
        0 -1 10622 4.6893663238734007e-04</internalNodes>
      <leafValues>
        6.1632573604583740e-02 -1.5877160429954529e-01</leafValues></_>
    <_>
      <internalNodes>
        0 -1 13420 -1.7198223620653152e-02</internalNodes>
      <leafValues>
        1.7171119153499603e-01 -4.9778550863265991e-02</leafValues></_>
    <_>
      <internalNodes>
        0 -1 1406 2.2916348651051521e-02</internalNodes>
      <leafValues>
        -6.3569799065589905e-02 1.9195477664470673e-01</leafValues></_>
    <_>
      <internalNodes>
        0 -1 20162 -1.8678314518183470e-04</internalNodes>
      <leafValues>
        9.1385975480079651e-02 -9.6120670437812805e-02</leafValues></_>
    <_>
      <internalNodes>
        0 -1 34684 3.4071836620569229e-02</internalNodes>
      <leafValues>
        1.8751000985503197e-02 -4.8859921097755432e-01</leafValues></_>
    <_>
      <internalNodes>
        0 -1 3065 1.7569735646247864e-03</internalNodes>
      <leafValues>
        3.1493283808231354e-02 -2.5597971677780151e-01</leafValues></_>
    <_>
      <internalNodes>
        0 -1 22464 -2.0581949502229691e-04</internalNodes>
      <leafValues>
        7.6468564569950104e-02 -1.1803554743528366e-01</leafValues></_>
    <_>
      <internalNodes>
        0 -1 3249 7.2512321174144745e-02</internalNodes>
      <leafValues>
        1.3197117485105991e-02 -6.1560463905334473e-01</leafValues></_>
    <_>
      <internalNodes>
        0 -1 10622 -4.5804312685504556e-04</internalNodes>
      <leafValues>
        -1.4589822292327881e-01 5.6044220924377441e-02</leafValues></_>
    <_>
      <internalNodes>
        0 -1 3590 -7.3117703199386597e-02</internalNodes>
      <leafValues>
        1.7510692775249481e-01 -4.6209950000047684e-02</leafValues></_>
    <_>
      <internalNodes>
        0 -1 33660 1.7335064709186554e-02</internalNodes>
      <leafValues>
        -4.1441269218921661e-02 1.8685074150562286e-01</leafValues></_>
    <_>
      <internalNodes>
        0 -1 35152 4.2723743245005608e-03</internalNodes>
      <leafValues>
        -6.4515925943851471e-02 1.4770103991031647e-01</leafValues></_>
    <_>
      <internalNodes>
        0 -1 33121 2.5604399852454662e-03</internalNodes>
      <leafValues>
        2.1597702056169510e-02 -3.7542861700057983e-01</leafValues></_>
    <_>
      <internalNodes>
        0 -1 12771 1.9713770598173141e-02</internalNodes>
      <leafValues>
        2.2413982078433037e-02 -3.3672741055488586e-01</leafValues></_>
    <_>
      <internalNodes>
        0 -1 23010 -3.5279910080134869e-03</internalNodes>
      <leafValues>
        -1.8430228531360626e-01 4.0205799043178558e-02</leafValues></_>
    <_>
      <internalNodes>
        0 -1 18665 -1.7164729535579681e-02</internalNodes>
      <leafValues>
        1.4176461100578308e-01 -5.7946436107158661e-02</leafValues></_>
    <_>
      <internalNodes>
        0 -1 33023 -1.2087568175047636e-03</internalNodes>
      <leafValues>
        1.1011796444654465e-01 -8.8623657822608948e-02</leafValues></_>
    <_>
      <internalNodes>
        0 -1 2899 -3.2225400209426880e-03</internalNodes>
      <leafValues>
        1.3913246989250183e-01 -5.6606795638799667e-02</leafValues></_>
    <_>
      <internalNodes>
        0 -1 5553 7.1867071092128754e-03</internalNodes>
      <leafValues>
        -5.3471643477678299e-02 1.9474285840988159e-01</leafValues></_>
    <_>
      <internalNodes>
        0 -1 35167 1.0497473180294037e-02</internalNodes>
      <leafValues>
        1.6942730173468590e-02 -4.5960307121276855e-01</leafValues></_>
    <_>
      <internalNodes>
        0 -1 8765 5.5545580107718706e-04</internalNodes>
      <leafValues>
        7.8453160822391510e-02 -1.0138166695833206e-01</leafValues></_>
    <_>
      <internalNodes>
        0 -1 8765 -4.9001395382219926e-05</internalNodes>
      <leafValues>
        -9.8628051578998566e-02 8.8919349014759064e-02</leafValues></_>
    <_>
      <internalNodes>
        0 -1 20967 6.0594929382205009e-03</internalNodes>
      <leafValues>
        -6.3787139952182770e-02 1.1856018006801605e-01</leafValues></_>
    <_>
      <internalNodes>
        0 -1 29810 -1.5344206988811493e-01</internalNodes>
      <leafValues>
        2.8100249171257019e-01 -2.6272211223840714e-02</leafValues></_>
    <_>
      <internalNodes>
        0 -1 35088 5.9713642112910748e-03</internalNodes>
      <leafValues>
        2.5055235251784325e-02 -2.8465300798416138e-01</leafValues></_>
    <_>
      <internalNodes>
        0 -1 17669 8.0915279686450958e-03</internalNodes>
      <leafValues>
        -4.6461723744869232e-02 1.6544845700263977e-01</leafValues></_>
    <_>
      <internalNodes>
        0 -1 9806 -2.3423389066010714e-03</internalNodes>
      <leafValues>
        -8.6191318929195404e-02 9.1550260782241821e-02</leafValues></_></weakClassifiers></stage8>
</opencv_storage>
