<?xml version="1.0"?>
<opencv_storage>
<stage10>
  <maxWeakCount>100</maxWeakCount>
  <stageThreshold>-1.5827442407608032e+00</stageThreshold>
  <weakClassifiers>
    <_>
      <internalNodes>
        0 -1 23871 -1.6956183314323425e-01</internalNodes>
      <leafValues>
        4.7902792692184448e-01 -1.9478145241737366e-01</leafValues></_>
    <_>
      <internalNodes>
        0 -1 149 -1.2802449986338615e-02</internalNodes>
      <leafValues>
        1.4476324617862701e-01 -3.2290485501289368e-01</leafValues></_>
    <_>
      <internalNodes>
        0 -1 26734 2.8326652944087982e-02</internalNodes>
      <leafValues>
        -2.2662793099880219e-01 1.6631853580474854e-01</leafValues></_>
    <_>
      <internalNodes>
        0 -1 3264 -1.8744036788120866e-04</internalNodes>
      <leafValues>
        1.0742622613906860e-01 -2.6749628782272339e-01</leafValues></_>
    <_>
      <internalNodes>
        0 -1 32649 1.3185388408601284e-02</internalNodes>
      <leafValues>
        -9.1929495334625244e-02 2.6841270923614502e-01</leafValues></_>
    <_>
      <internalNodes>
        0 -1 23273 -2.5840675830841064e-01</internalNodes>
      <leafValues>
        4.0216135978698730e-01 -7.9740799963474274e-02</leafValues></_>
    <_>
      <internalNodes>
        0 -1 6551 5.9155572205781937e-02</internalNodes>
      <leafValues>
        -2.4048662185668945e-01 1.0535734146833420e-01</leafValues></_>
    <_>
      <internalNodes>
        0 -1 7226 5.6932251900434494e-03</internalNodes>
      <leafValues>
        7.2061978280544281e-02 -3.6642056703567505e-01</leafValues></_>
    <_>
      <internalNodes>
        0 -1 33821 3.3117386046797037e-03</internalNodes>
      <leafValues>
        -1.7537809908390045e-01 1.0015584528446198e-01</leafValues></_>
    <_>
      <internalNodes>
        0 -1 33681 9.5205632969737053e-03</internalNodes>
      <leafValues>
        -6.8952009081840515e-02 3.0553245544433594e-01</leafValues></_>
    <_>
      <internalNodes>
        0 -1 34962 1.3357182615436614e-04</internalNodes>
      <leafValues>
        -1.2214534729719162e-01 1.4096955955028534e-01</leafValues></_>
    <_>
      <internalNodes>
        0 -1 24043 -4.1010111570358276e-02</internalNodes>
      <leafValues>
        4.6462866663932800e-01 -3.7693671882152557e-02</leafValues></_>
    <_>
      <internalNodes>
        0 -1 1532 -1.4131474308669567e-02</internalNodes>
      <leafValues>
        1.6537682712078094e-01 -1.0821897536516190e-01</leafValues></_>
    <_>
      <internalNodes>
        0 -1 17967 -4.8407725989818573e-02</internalNodes>
      <leafValues>
        2.6870197057723999e-01 -6.1091527342796326e-02</leafValues></_>
    <_>
      <internalNodes>
        0 -1 10189 1.6405109316110611e-02</internalNodes>
      <leafValues>
        -8.0106593668460846e-02 2.0274424552917480e-01</leafValues></_>
    <_>
      <internalNodes>
        0 -1 3761 1.5783775597810745e-03</internalNodes>
      <leafValues>
        3.5134818404912949e-02 -3.7282475829124451e-01</leafValues></_>
    <_>
      <internalNodes>
        0 -1 8 -1.3107653649058193e-04</internalNodes>
      <leafValues>
        9.0776152908802032e-02 -1.6819559037685394e-01</leafValues></_>
    <_>
      <internalNodes>
        0 -1 9485 -2.2225089371204376e-02</internalNodes>
      <leafValues>
        -4.6981883049011230e-01 2.8865817934274673e-02</leafValues></_>
    <_>
      <internalNodes>
        0 -1 22581 4.1670743376016617e-03</internalNodes>
      <leafValues>
        2.6852173730731010e-02 -4.4448435306549072e-01</leafValues></_>
    <_>
      <internalNodes>
        0 -1 12141 -2.0287621766328812e-02</internalNodes>
      <leafValues>
        1.9212050735950470e-01 -6.9148220121860504e-02</leafValues></_>
    <_>
      <internalNodes>
        0 -1 2893 -4.9910950474441051e-03</internalNodes>
      <leafValues>
        -3.6939215660095215e-01 3.7924703210592270e-02</leafValues></_>
    <_>
      <internalNodes>
        0 -1 3177 -2.6353364810347557e-03</internalNodes>
      <leafValues>
        -3.4504833817481995e-01 4.1511084884405136e-02</leafValues></_>
    <_>
      <internalNodes>
        0 -1 22971 -1.0144677944481373e-03</internalNodes>
      <leafValues>
        -2.3333875834941864e-01 5.1582884043455124e-02</leafValues></_>
    <_>
      <internalNodes>
        0 -1 20563 -1.4003664255142212e-02</internalNodes>
      <leafValues>
        2.3658120632171631e-01 -5.9573963284492493e-02</leafValues></_>
    <_>
      <internalNodes>
        0 -1 15421 1.4193825423717499e-02</internalNodes>
      <leafValues>
        -9.8327167332172394e-02 2.2948063910007477e-01</leafValues></_>
    <_>
      <internalNodes>
        0 -1 15938 1.3994489796459675e-02</internalNodes>
      <leafValues>
        4.5227061957120895e-02 -3.1046769022941589e-01</leafValues></_>
    <_>
      <internalNodes>
        0 -1 1387 1.3636379502713680e-02</internalNodes>
      <leafValues>
        -1.0135507583618164e-01 1.3865676522254944e-01</leafValues></_>
    <_>
      <internalNodes>
        0 -1 1 1.5098392032086849e-03</internalNodes>
      <leafValues>
        3.7373054772615433e-02 -3.4600099921226501e-01</leafValues></_>
    <_>
      <internalNodes>
        0 -1 132 -4.1486043483018875e-03</internalNodes>
      <leafValues>
        1.5039680898189545e-01 -1.0404110699892044e-01</leafValues></_>
    <_>
      <internalNodes>
        0 -1 19728 -7.0765702985227108e-03</internalNodes>
      <leafValues>
        2.1115779876708984e-01 -5.8657675981521606e-02</leafValues></_>
    <_>
      <internalNodes>
        0 -1 19722 6.1558047309517860e-03</internalNodes>
      <leafValues>
        -5.2404992282390594e-02 2.5842636823654175e-01</leafValues></_>
    <_>
      <internalNodes>
        0 -1 28706 9.9659059196710587e-03</internalNodes>
      <leafValues>
        3.4301843494176865e-02 -3.6031666398048401e-01</leafValues></_>
    <_>
      <internalNodes>
        0 -1 9334 1.3227706076577306e-03</internalNodes>
      <leafValues>
        2.7795122936367989e-02 -3.4914919734001160e-01</leafValues></_>
    <_>
      <internalNodes>
        0 -1 35218 1.4583356096409261e-04</internalNodes>
      <leafValues>
        -1.2746708095073700e-01 7.7140837907791138e-02</leafValues></_>
    <_>
      <internalNodes>
        0 -1 21805 1.1704371310770512e-02</internalNodes>
      <leafValues>
        -6.2881417572498322e-02 1.6392871737480164e-01</leafValues></_>
    <_>
      <internalNodes>
        0 -1 2700 -4.0086675435304642e-03</internalNodes>
      <leafValues>
        -3.3301079273223877e-01 3.5164840519428253e-02</leafValues></_>
    <_>
      <internalNodes>
        0 -1 2460 -5.9744655154645443e-03</internalNodes>
      <leafValues>
        1.6594530642032623e-01 -6.3324607908725739e-02</leafValues></_>
    <_>
      <internalNodes>
        0 -1 714 -3.1186711043119431e-02</internalNodes>
      <leafValues>
        1.6538521647453308e-01 -6.8574488162994385e-02</leafValues></_>
    <_>
      <internalNodes>
        0 -1 17062 -2.1198091562837362e-03</internalNodes>
      <leafValues>
        1.0881710797548294e-01 -9.4952516257762909e-02</leafValues></_>
    <_>
      <internalNodes>
        0 -1 18514 3.5966380964964628e-03</internalNodes>
      <leafValues>
        2.6684284210205078e-02 -3.9996993541717529e-01</leafValues></_>
    <_>
      <internalNodes>
        0 -1 34459 1.9038050959352404e-04</internalNodes>
      <leafValues>
        -8.6014717817306519e-02 1.0410933941602707e-01</leafValues></_>
    <_>
      <internalNodes>
        0 -1 34459 -1.4026928693056107e-04</internalNodes>
      <leafValues>
        1.1266700923442841e-01 -8.5927769541740417e-02</leafValues></_>
    <_>
      <internalNodes>
        0 -1 21359 -3.7879692390561104e-03</internalNodes>
      <leafValues>
        -3.3877241611480713e-01 2.8006242588162422e-02</leafValues></_>
    <_>
      <internalNodes>
        0 -1 8608 8.9440578594803810e-03</internalNodes>
      <leafValues>
        -4.0912821888923645e-02 2.3161575198173523e-01</leafValues></_>
    <_>
      <internalNodes>
        0 -1 551 1.0257276706397533e-02</internalNodes>
      <leafValues>
        3.2914258539676666e-02 -2.8581956028938293e-01</leafValues></_>
    <_>
      <internalNodes>
        0 -1 24361 -3.3713325858116150e-02</internalNodes>
      <leafValues>
        4.5878082513809204e-01 -2.2397493943572044e-02</leafValues></_>
    <_>
      <internalNodes>
        0 -1 411 -8.5987553000450134e-02</internalNodes>
      <leafValues>
        9.8853170871734619e-02 -9.3853414058685303e-02</leafValues></_>
    <_>
      <internalNodes>
        0 -1 17973 3.3318258821964264e-02</internalNodes>
      <leafValues>
        -6.2370520085096359e-02 1.7423513531684875e-01</leafValues></_>
    <_>
      <internalNodes>
        0 -1 14879 -1.1441165406722575e-04</internalNodes>
      <leafValues>
        8.5183858871459961e-02 -1.1079176515340805e-01</leafValues></_>
    <_>
      <internalNodes>
        0 -1 20053 -1.5141982585191727e-02</internalNodes>
      <leafValues>
        -2.6386117935180664e-01 3.9807315915822983e-02</leafValues></_>
    <_>
      <internalNodes>
        0 -1 34813 2.0108375698328018e-02</internalNodes>
      <leafValues>
        2.3878680542111397e-02 -3.6946508288383484e-01</leafValues></_>
    <_>
      <internalNodes>
        0 -1 12796 -3.4861885011196136e-02</internalNodes>
      <leafValues>
        -3.2801714539527893e-01 2.5601655244827271e-02</leafValues></_>
    <_>
      <internalNodes>
        0 -1 34080 -1.3301918283104897e-02</internalNodes>
      <leafValues>
        1.8213523924350739e-01 -4.7159794718027115e-02</leafValues></_>
    <_>
      <internalNodes>
        0 -1 29017 4.9486341886222363e-03</internalNodes>
      <leafValues>
        3.8822300732135773e-02 -2.9127901792526245e-01</leafValues></_>
    <_>
      <internalNodes>
        0 -1 26530 4.6000527217984200e-03</internalNodes>
      <leafValues>
        -5.9125561267137527e-02 1.5263646841049194e-01</leafValues></_>
    <_>
      <internalNodes>
        0 -1 31610 1.1805116664618254e-03</internalNodes>
      <leafValues>
        -9.5801919698715210e-02 9.3319036066532135e-02</leafValues></_>
    <_>
      <internalNodes>
        0 -1 31002 3.1885403394699097e-01</internalNodes>
      <leafValues>
        1.9333649426698685e-02 -4.7938168048858643e-01</leafValues></_>
    <_>
      <internalNodes>
        0 -1 27893 8.5735492408275604e-02</internalNodes>
      <leafValues>
        2.8471309691667557e-02 -3.3664783835411072e-01</leafValues></_>
    <_>
      <internalNodes>
        0 -1 3145 -1.0419801401440054e-04</internalNodes>
      <leafValues>
        -1.6212269663810730e-01 5.6601531803607941e-02</leafValues></_>
    <_>
      <internalNodes>
        0 -1 28705 1.6183275147341192e-04</internalNodes>
      <leafValues>
        -9.7280070185661316e-02 9.6572257578372955e-02</leafValues></_>
    <_>
      <internalNodes>
        0 -1 3172 1.2967528309673071e-03</internalNodes>
      <leafValues>
        4.2097970843315125e-02 -2.1325999498367310e-01</leafValues></_>
    <_>
      <internalNodes>
        0 -1 33023 -9.4641221221536398e-04</internalNodes>
      <leafValues>
        9.2007830739021301e-02 -9.1015450656414032e-02</leafValues></_>
    <_>
      <internalNodes>
        0 -1 33980 1.0479408956598490e-04</internalNodes>
      <leafValues>
        -8.0238498747348785e-02 1.1048994958400726e-01</leafValues></_>
    <_>
      <internalNodes>
        0 -1 34739 7.6987571083009243e-04</internalNodes>
      <leafValues>
        4.6424284577369690e-02 -1.6999261081218719e-01</leafValues></_>
    <_>
      <internalNodes>
        0 -1 34739 -5.0812680274248123e-04</internalNodes>
      <leafValues>
        -1.5680621564388275e-01 5.5104073137044907e-02</leafValues></_>
    <_>
      <internalNodes>
        0 -1 9646 -9.0703517198562622e-03</internalNodes>
      <leafValues>
        1.6199584305286407e-01 -5.5738881230354309e-02</leafValues></_>
    <_>
      <internalNodes>
        0 -1 12221 9.1195001732558012e-04</internalNodes>
      <leafValues>
        -7.8982822597026825e-02 1.0940005630254745e-01</leafValues></_>
    <_>
      <internalNodes>
        0 -1 24551 1.4638458378612995e-02</internalNodes>
      <leafValues>
        -3.8003396242856979e-02 2.1108014881610870e-01</leafValues></_>
    <_>
      <internalNodes>
        0 -1 6 6.8161869421601295e-04</internalNodes>
      <leafValues>
        3.8325801491737366e-02 -1.9953471422195435e-01</leafValues></_>
    <_>
      <internalNodes>
        0 -1 28207 -8.5920225828886032e-03</internalNodes>
      <leafValues>
        1.6756321489810944e-01 -4.6727724373340607e-02</leafValues></_>
    <_>
      <internalNodes>
        0 -1 28349 7.3680966161191463e-03</internalNodes>
      <leafValues>
        -4.1487704962491989e-02 2.1717530488967896e-01</leafValues></_>
    <_>
      <internalNodes>
        0 -1 12695 2.3052804172039032e-03</internalNodes>
      <leafValues>
        3.0909514054656029e-02 -2.6625603437423706e-01</leafValues></_>
    <_>
      <internalNodes>
        0 -1 24755 4.4427318498492241e-03</internalNodes>
      <leafValues>
        2.5974879041314125e-02 -2.7955833077430725e-01</leafValues></_>
    <_>
      <internalNodes>
        0 -1 24785 -2.4781462270766497e-03</internalNodes>
      <leafValues>
        -2.9952836036682129e-01 2.7465973049402237e-02</leafValues></_>
    <_>
      <internalNodes>
        0 -1 14396 1.3063587248325348e-02</internalNodes>
      <leafValues>
        -3.1093850731849670e-02 2.5219753384590149e-01</leafValues></_>
    <_>
      <internalNodes>
        0 -1 3085 -2.1763339638710022e-02</internalNodes>
      <leafValues>
        1.4903244376182556e-01 -5.3740732371807098e-02</leafValues></_>
    <_>
      <internalNodes>
        0 -1 9169 1.9097372423857450e-03</internalNodes>
      <leafValues>
        -4.5624803751707077e-02 1.9834503531455994e-01</leafValues></_>
    <_>
      <internalNodes>
        0 -1 3228 -4.0335446828976274e-04</internalNodes>
      <leafValues>
        -1.8738670647144318e-01 4.6407617628574371e-02</leafValues></_>
    <_>
      <internalNodes>
        0 -1 26750 1.3266905443742871e-04</internalNodes>
      <leafValues>
        -8.1099897623062134e-02 1.0094203054904938e-01</leafValues></_>
    <_>
      <internalNodes>
        0 -1 15936 -1.4600301161408424e-02</internalNodes>
      <leafValues>
        -2.6188507676124573e-01 2.6437420397996902e-02</leafValues></_>
    <_>
      <internalNodes>
        0 -1 13792 -1.5041487291455269e-02</internalNodes>
      <leafValues>
        1.4206817746162415e-01 -5.6006696075201035e-02</leafValues></_>
    <_>
      <internalNodes>
        0 -1 19159 2.1315902471542358e-02</internalNodes>
      <leafValues>
        -5.1412694156169891e-02 1.7620624601840973e-01</leafValues></_>
    <_>
      <internalNodes>
        0 -1 35149 5.4308841936290264e-03</internalNodes>
      <leafValues>
        2.4939512833952904e-02 -3.2862871885299683e-01</leafValues></_>
    <_>
      <internalNodes>
        0 -1 6 -6.4048543572425842e-04</internalNodes>
      <leafValues>
        -1.5841035544872284e-01 4.4893454760313034e-02</leafValues></_>
    <_>
      <internalNodes>
        0 -1 1468 -1.8930676742456853e-04</internalNodes>
      <leafValues>
        5.5272895842790604e-02 -1.3773436844348907e-01</leafValues></_>
    <_>
      <internalNodes>
        0 -1 724 7.1124866604804993e-02</internalNodes>
      <leafValues>
        -3.9646539837121964e-02 2.4042099714279175e-01</leafValues></_>
    <_>
      <internalNodes>
        0 -1 10078 -6.0289517045021057e-02</internalNodes>
      <leafValues>
        1.1174052953720093e-01 -9.1008678078651428e-02</leafValues></_>
    <_>
      <internalNodes>
        0 -1 388 -7.2469484806060791e-01</internalNodes>
      <leafValues>
        -4.8318272829055786e-01 1.6286805272102356e-02</leafValues></_>
    <_>
      <internalNodes>
        0 -1 34131 -2.4616675451397896e-02</internalNodes>
      <leafValues>
        -3.4602335095405579e-01 2.0431764423847198e-02</leafValues></_>
    <_>
      <internalNodes>
        0 -1 25579 -2.2337626665830612e-02</internalNodes>
      <leafValues>
        -4.0470743179321289e-01 1.7487760633230209e-02</leafValues></_>
    <_>
      <internalNodes>
        0 -1 3068 -3.6088847555220127e-03</internalNodes>
      <leafValues>
        1.5779992938041687e-01 -4.7580707818269730e-02</leafValues></_>
    <_>
      <internalNodes>
        0 -1 3249 5.9133149683475494e-02</internalNodes>
      <leafValues>
        1.6316352412104607e-02 -4.5613431930541992e-01</leafValues></_>
    <_>
      <internalNodes>
        0 -1 33980 -1.3046499225310981e-04</internalNodes>
      <leafValues>
        9.2995233833789825e-02 -7.4285775423049927e-02</leafValues></_>
    <_>
      <internalNodes>
        0 -1 3065 2.1870117634534836e-03</internalNodes>
      <leafValues>
        2.6079410687088966e-02 -2.6835486292839050e-01</leafValues></_>
    <_>
      <internalNodes>
        0 -1 6543 -1.7059553414583206e-02</internalNodes>
      <leafValues>
        -1.8637998402118683e-01 3.4875884652137756e-02</leafValues></_>
    <_>
      <internalNodes>
        0 -1 1809 -5.5457508563995361e-01</internalNodes>
      <leafValues>
        -8.0253118276596069e-01 8.0102970823645592e-03</leafValues></_>
    <_>
      <internalNodes>
        0 -1 6421 1.7047639936208725e-02</internalNodes>
      <leafValues>
        -3.1079361215233803e-02 2.1909017860889435e-01</leafValues></_>
    <_>
      <internalNodes>
        0 -1 17837 2.7137197554111481e-02</internalNodes>
      <leafValues>
        2.5586960837244987e-02 -3.2912331819534302e-01</leafValues></_>
    <_>
      <internalNodes>
        0 -1 12286 -2.0415481412783265e-04</internalNodes>
      <leafValues>
        6.5519578754901886e-02 -1.1310028284788132e-01</leafValues></_>
    <_>
      <internalNodes>
        0 -1 19425 1.1988721787929535e-02</internalNodes>
      <leafValues>
        -5.0046656280755997e-02 1.3346378505229950e-01</leafValues></_></weakClassifiers></stage10>
</opencv_storage>
