<?xml version="1.0"?>
<opencv_storage>
<stage3>
  <maxWeakCount>60</maxWeakCount>
  <stageThreshold>-1.6788939237594604e+00</stageThreshold>
  <weakClassifiers>
    <_>
      <internalNodes>
        0 -1 3051 5.9303551912307739e-02</internalNodes>
      <leafValues>
        -4.2729628086090088e-01 3.5490366816520691e-01</leafValues></_>
    <_>
      <internalNodes>
        0 -1 1241 -8.8255369663238525e-01</internalNodes>
      <leafValues>
        5.8154642581939697e-01 -1.6493441164493561e-01</leafValues></_>
    <_>
      <internalNodes>
        0 -1 32927 -7.1781198494136333e-04</internalNodes>
      <leafValues>
        -5.7602542638778687e-01 1.5430642664432526e-01</leafValues></_>
    <_>
      <internalNodes>
        0 -1 34687 -6.0103554278612137e-04</internalNodes>
      <leafValues>
        -4.7238215804100037e-01 1.5884804725646973e-01</leafValues></_>
    <_>
      <internalNodes>
        0 -1 33106 -1.3178069144487381e-02</internalNodes>
      <leafValues>
        1.7219588160514832e-01 -3.0440425872802734e-01</leafValues></_>
    <_>
      <internalNodes>
        0 -1 22567 1.9642370752990246e-03</internalNodes>
      <leafValues>
        7.3445275425910950e-02 -6.0687357187271118e-01</leafValues></_>
    <_>
      <internalNodes>
        0 -1 22567 -1.4878124929964542e-03</internalNodes>
      <leafValues>
        -4.9347573518753052e-01 1.2100189179182053e-01</leafValues></_>
    <_>
      <internalNodes>
        0 -1 2551 -5.0357498228549957e-02</internalNodes>
      <leafValues>
        1.9983203709125519e-01 -2.2209051251411438e-01</leafValues></_>
    <_>
      <internalNodes>
        0 -1 3169 -1.0646458249539137e-03</internalNodes>
      <leafValues>
        -4.0181490778923035e-01 9.3185245990753174e-02</leafValues></_>
    <_>
      <internalNodes>
        0 -1 35216 2.3982767015695572e-03</internalNodes>
      <leafValues>
        6.4714826643466949e-02 -4.4282668828964233e-01</leafValues></_>
    <_>
      <internalNodes>
        0 -1 33999 1.2634122744202614e-02</internalNodes>
      <leafValues>
        7.0057973265647888e-02 -5.0940400362014771e-01</leafValues></_>
    <_>
      <internalNodes>
        0 -1 18038 6.0293935239315033e-02</internalNodes>
      <leafValues>
        -8.0634988844394684e-02 4.3776136636734009e-01</leafValues></_>
    <_>
      <internalNodes>
        0 -1 25489 3.2152214553207159e-03</internalNodes>
      <leafValues>
        6.6563732922077179e-02 -5.3014242649078369e-01</leafValues></_>
    <_>
      <internalNodes>
        0 -1 29248 2.9214234091341496e-03</internalNodes>
      <leafValues>
        7.7026098966598511e-02 -4.8246601223945618e-01</leafValues></_>
    <_>
      <internalNodes>
        0 -1 33882 2.3010537028312683e-02</internalNodes>
      <leafValues>
        -1.3522404432296753e-01 2.5907662510871887e-01</leafValues></_>
    <_>
      <internalNodes>
        0 -1 35215 -1.3914590235799551e-03</internalNodes>
      <leafValues>
        -3.8665312528610229e-01 8.9230693876743317e-02</leafValues></_>
    <_>
      <internalNodes>
        0 -1 283 2.1290460601449013e-02</internalNodes>
      <leafValues>
        -1.4202074706554413e-01 2.7529504895210266e-01</leafValues></_>
    <_>
      <internalNodes>
        0 -1 2488 -7.9264249652624130e-03</internalNodes>
      <leafValues>
        2.0922215282917023e-01 -1.6322004795074463e-01</leafValues></_>
    <_>
      <internalNodes>
        0 -1 22999 4.2854179628193378e-03</internalNodes>
      <leafValues>
        6.4562663435935974e-02 -3.9288479089736938e-01</leafValues></_>
    <_>
      <internalNodes>
        0 -1 35086 6.9920870009809732e-04</internalNodes>
      <leafValues>
        7.9882241785526276e-02 -3.3502131700515747e-01</leafValues></_>
    <_>
      <internalNodes>
        0 -1 15006 4.3910997919738293e-03</internalNodes>
      <leafValues>
        4.9133315682411194e-02 -4.8713526129722595e-01</leafValues></_>
    <_>
      <internalNodes>
        0 -1 33533 -3.4178113564848900e-03</internalNodes>
      <leafValues>
        1.3950216770172119e-01 -1.7092753946781158e-01</leafValues></_>
    <_>
      <internalNodes>
        0 -1 18355 1.2546798586845398e-01</internalNodes>
      <leafValues>
        -6.0452841222286224e-02 4.1813123226165771e-01</leafValues></_>
    <_>
      <internalNodes>
        0 -1 15767 -2.1913242340087891e-01</internalNodes>
      <leafValues>
        4.6400797367095947e-01 -5.9464860707521439e-02</leafValues></_>
    <_>
      <internalNodes>
        0 -1 6 -1.4191294321790338e-03</internalNodes>
      <leafValues>
        -3.7895569205284119e-01 6.9038324058055878e-02</leafValues></_>
    <_>
      <internalNodes>
        0 -1 6 1.0205998551100492e-03</internalNodes>
      <leafValues>
        8.7193220853805542e-02 -3.7004917860031128e-01</leafValues></_>
    <_>
      <internalNodes>
        0 -1 9302 -1.1038567026844248e-04</internalNodes>
      <leafValues>
        -2.5400525331497192e-01 9.6013702452182770e-02</leafValues></_>
    <_>
      <internalNodes>
        0 -1 35131 6.9530433975160122e-03</internalNodes>
      <leafValues>
        3.7993315607309341e-02 -5.4011660814285278e-01</leafValues></_>
    <_>
      <internalNodes>
        0 -1 599 5.0614038482308388e-03</internalNodes>
      <leafValues>
        -1.1568177491426468e-01 1.8314556777477264e-01</leafValues></_>
    <_>
      <internalNodes>
        0 -1 24785 2.1310579031705856e-03</internalNodes>
      <leafValues>
        5.5214527994394302e-02 -3.5595363378524780e-01</leafValues></_>
    <_>
      <internalNodes>
        0 -1 9745 -7.0060886442661285e-02</internalNodes>
      <leafValues>
        2.5204011797904968e-01 -7.8494548797607422e-02</leafValues></_>
    <_>
      <internalNodes>
        0 -1 22858 1.9204387441277504e-02</internalNodes>
      <leafValues>
        -9.2177622020244598e-02 2.6456424593925476e-01</leafValues></_>
    <_>
      <internalNodes>
        0 -1 11224 6.1652962118387222e-02</internalNodes>
      <leafValues>
        -5.7190645486116409e-02 3.3286979794502258e-01</leafValues></_>
    <_>
      <internalNodes>
        0 -1 20279 3.7218527868390083e-03</internalNodes>
      <leafValues>
        5.2672781050205231e-02 -3.8720852136611938e-01</leafValues></_>
    <_>
      <internalNodes>
        0 -1 24517 1.9741315394639969e-02</internalNodes>
      <leafValues>
        -9.0804614126682281e-02 2.2749304771423340e-01</leafValues></_>
    <_>
      <internalNodes>
        0 -1 539 5.8076608180999756e-01</internalNodes>
      <leafValues>
        5.1377009600400925e-02 -4.2252182960510254e-01</leafValues></_>
    <_>
      <internalNodes>
        0 -1 32933 -6.3501065596938133e-04</internalNodes>
      <leafValues>
        -2.3157322406768799e-01 8.4832765161991119e-02</leafValues></_>
    <_>
      <internalNodes>
        0 -1 12372 1.6876813024282455e-02</internalNodes>
      <leafValues>
        4.9560792744159698e-02 -3.6672484874725342e-01</leafValues></_>
    <_>
      <internalNodes>
        0 -1 12372 -1.7187179997563362e-02</internalNodes>
      <leafValues>
        -3.6596909165382385e-01 5.2796270698308945e-02</leafValues></_>
    <_>
      <internalNodes>
        0 -1 31772 -8.7346078362315893e-04</internalNodes>
      <leafValues>
        -2.1465222537517548e-01 7.9418413341045380e-02</leafValues></_>
    <_>
      <internalNodes>
        0 -1 33932 -2.3226708173751831e-02</internalNodes>
      <leafValues>
        -5.6651347875595093e-01 3.2521747052669525e-02</leafValues></_>
    <_>
      <internalNodes>
        0 -1 35041 5.2283806726336479e-03</internalNodes>
      <leafValues>
        -8.0102369189262390e-02 2.0505861937999725e-01</leafValues></_>
    <_>
      <internalNodes>
        0 -1 26886 7.2195404209196568e-03</internalNodes>
      <leafValues>
        4.9268044531345367e-02 -3.2776817679405212e-01</leafValues></_>
    <_>
      <internalNodes>
        0 -1 15389 1.4335475862026215e-02</internalNodes>
      <leafValues>
        -7.2658389806747437e-02 2.1555998921394348e-01</leafValues></_>
    <_>
      <internalNodes>
        0 -1 6736 -3.1783051788806915e-02</internalNodes>
      <leafValues>
        2.7351129055023193e-01 -6.2663242220878601e-02</leafValues></_>
    <_>
      <internalNodes>
        0 -1 35149 -4.5973472297191620e-03</internalNodes>
      <leafValues>
        -3.7209185957908630e-01 4.5798618346452713e-02</leafValues></_>
    <_>
      <internalNodes>
        0 -1 12060 -1.7069336026906967e-03</internalNodes>
      <leafValues>
        -3.1760418415069580e-01 4.7926820814609528e-02</leafValues></_>
    <_>
      <internalNodes>
        0 -1 1817 6.7576244473457336e-03</internalNodes>
      <leafValues>
        3.7144806236028671e-02 -4.1374039649963379e-01</leafValues></_>
    <_>
      <internalNodes>
        0 -1 15022 -6.0044862329959869e-03</internalNodes>
      <leafValues>
        -5.6997853517532349e-01 2.3919247090816498e-02</leafValues></_>
    <_>
      <internalNodes>
        0 -1 20520 5.8388561010360718e-03</internalNodes>
      <leafValues>
        -1.0830261558294296e-01 1.4711025357246399e-01</leafValues></_>
    <_>
      <internalNodes>
        0 -1 30385 5.0914296880364418e-03</internalNodes>
      <leafValues>
        5.9431873261928558e-02 -3.1052696704864502e-01</leafValues></_>
    <_>
      <internalNodes>
        0 -1 7099 1.6661038994789124e-01</internalNodes>
      <leafValues>
        -4.7847211360931396e-02 3.1624054908752441e-01</leafValues></_>
    <_>
      <internalNodes>
        0 -1 21992 -3.4645602107048035e-02</internalNodes>
      <leafValues>
        1.7471137642860413e-01 -9.9540077149868011e-02</leafValues></_>
    <_>
      <internalNodes>
        0 -1 27393 -2.4084143340587616e-02</internalNodes>
      <leafValues>
        3.2135516405105591e-01 -4.7599516808986664e-02</leafValues></_>
    <_>
      <internalNodes>
        0 -1 30395 2.8314944356679916e-03</internalNodes>
      <leafValues>
        -1.1859812587499619e-01 1.2612411379814148e-01</leafValues></_>
    <_>
      <internalNodes>
        0 -1 15024 -1.8172543495893478e-03</internalNodes>
      <leafValues>
        -3.2191938161849976e-01 4.5018974691629410e-02</leafValues></_>
    <_>
      <internalNodes>
        0 -1 12880 -5.4919749498367310e-02</internalNodes>
      <leafValues>
        1.6654649376869202e-01 -9.0216539800167084e-02</leafValues></_>
    <_>
      <internalNodes>
        0 -1 10755 -9.4179272651672363e-02</internalNodes>
      <leafValues>
        -4.6857345104217529e-01 2.9388731345534325e-02</leafValues></_>
    <_>
      <internalNodes>
        0 -1 12774 2.8434270992875099e-02</internalNodes>
      <leafValues>
        2.5244725868105888e-02 -4.8783898353576660e-01</leafValues></_>
    <_>
      <internalNodes>
        0 -1 34862 6.5942937508225441e-03</internalNodes>
      <leafValues>
        3.1635146588087082e-02 -3.7193405628204346e-01</leafValues></_></weakClassifiers></stage3>
</opencv_storage>
