<?xml version="1.0"?>
<opencv_storage>
<stage7>
  <maxWeakCount>100</maxWeakCount>
  <stageThreshold>-1.6975632905960083e+00</stageThreshold>
  <weakClassifiers>
    <_>
      <internalNodes>
        0 -1 7927 -3.0619266629219055e-01</internalNodes>
      <leafValues>
        5.5671042203903198e-01 -2.1031965315341949e-01</leafValues></_>
    <_>
      <internalNodes>
        0 -1 35092 -1.8692179583013058e-04</internalNodes>
      <leafValues>
        1.5510658919811249e-01 -3.0455774068832397e-01</leafValues></_>
    <_>
      <internalNodes>
        0 -1 1241 -1.1292737722396851e+00</internalNodes>
      <leafValues>
        5.4439878463745117e-01 -8.4240518510341644e-02</leafValues></_>
    <_>
      <internalNodes>
        0 -1 33060 1.8977910513058305e-03</internalNodes>
      <leafValues>
        -3.6932435631752014e-01 7.9128652811050415e-02</leafValues></_>
    <_>
      <internalNodes>
        0 -1 11483 -9.2037908732891083e-02</internalNodes>
      <leafValues>
        3.8638284802436829e-01 -9.2378474771976471e-02</leafValues></_>
    <_>
      <internalNodes>
        0 -1 7560 -1.1570270359516144e-01</internalNodes>
      <leafValues>
        3.9208191633224487e-01 -9.8332077264785767e-02</leafValues></_>
    <_>
      <internalNodes>
        0 -1 12145 1.5339124365709722e-04</internalNodes>
      <leafValues>
        -2.0384663343429565e-01 1.2625080347061157e-01</leafValues></_>
    <_>
      <internalNodes>
        0 -1 12629 -1.0741348564624786e-01</internalNodes>
      <leafValues>
        2.9492029547691345e-01 -8.4426507353782654e-02</leafValues></_>
    <_>
      <internalNodes>
        0 -1 24798 2.5291857309639454e-03</internalNodes>
      <leafValues>
        6.3175417482852936e-02 -4.5245110988616943e-01</leafValues></_>
    <_>
      <internalNodes>
        0 -1 22085 1.0100406594574451e-02</internalNodes>
      <leafValues>
        -9.7889944911003113e-02 2.1462893486022949e-01</leafValues></_>
    <_>
      <internalNodes>
        0 -1 10608 1.9523061811923981e-02</internalNodes>
      <leafValues>
        -8.7345451116561890e-02 2.0771968364715576e-01</leafValues></_>
    <_>
      <internalNodes>
        0 -1 12654 2.4794936180114746e-02</internalNodes>
      <leafValues>
        -8.8327154517173767e-02 2.2354950010776520e-01</leafValues></_>
    <_>
      <internalNodes>
        0 -1 34665 -1.0712391231209040e-03</internalNodes>
      <leafValues>
        -3.2898473739624023e-01 6.7995481193065643e-02</leafValues></_>
    <_>
      <internalNodes>
        0 -1 34661 -1.2056482955813408e-03</internalNodes>
      <leafValues>
        -4.6483820676803589e-01 3.4556247293949127e-02</leafValues></_>
    <_>
      <internalNodes>
        0 -1 33119 -3.6715986207127571e-03</internalNodes>
      <leafValues>
        -4.3928477168083191e-01 4.1121531277894974e-02</leafValues></_>
    <_>
      <internalNodes>
        0 -1 17997 -1.3669122941792011e-02</internalNodes>
      <leafValues>
        2.4805697798728943e-01 -7.4667260050773621e-02</leafValues></_>
    <_>
      <internalNodes>
        0 -1 33916 3.2671648077666759e-03</internalNodes>
      <leafValues>
        -1.3133440911769867e-01 1.4212384819984436e-01</leafValues></_>
    <_>
      <internalNodes>
        0 -1 12640 1.4341488480567932e-02</internalNodes>
      <leafValues>
        -8.6765542626380920e-02 2.1988075971603394e-01</leafValues></_>
    <_>
      <internalNodes>
        0 -1 30332 -1.0906113311648369e-02</internalNodes>
      <leafValues>
        -3.8441461324691772e-01 4.9209933727979660e-02</leafValues></_>
    <_>
      <internalNodes>
        0 -1 35078 -1.9303550943732262e-03</internalNodes>
      <leafValues>
        -2.6886975765228271e-01 6.0606833547353745e-02</leafValues></_>
    <_>
      <internalNodes>
        0 -1 420 2.9946398735046387e-01</internalNodes>
      <leafValues>
        -1.0737823694944382e-01 1.8288405239582062e-01</leafValues></_>
    <_>
      <internalNodes>
        0 -1 5582 -4.5146960765123367e-03</internalNodes>
      <leafValues>
        1.2492541223764420e-01 -1.5542779862880707e-01</leafValues></_>
    <_>
      <internalNodes>
        0 -1 16852 -1.8520262092351913e-02</internalNodes>
      <leafValues>
        3.1469479203224182e-01 -5.2615884691476822e-02</leafValues></_>
    <_>
      <internalNodes>
        0 -1 19728 9.6451202407479286e-03</internalNodes>
      <leafValues>
        -4.7549225389957428e-02 3.2469478249549866e-01</leafValues></_>
    <_>
      <internalNodes>
        0 -1 10672 -1.0469719767570496e-02</internalNodes>
      <leafValues>
        -4.3034994602203369e-01 4.1498400270938873e-02</leafValues></_>
    <_>
      <internalNodes>
        0 -1 28714 3.7030761595815420e-03</internalNodes>
      <leafValues>
        2.8459727764129639e-02 -4.7989773750305176e-01</leafValues></_>
    <_>
      <internalNodes>
        0 -1 14944 -1.7192022874951363e-02</internalNodes>
      <leafValues>
        2.1957845985889435e-01 -6.9882072508335114e-02</leafValues></_>
    <_>
      <internalNodes>
        0 -1 9263 2.9076251666992903e-03</internalNodes>
      <leafValues>
        3.9509590715169907e-02 -4.8881945013999939e-01</leafValues></_>
    <_>
      <internalNodes>
        0 -1 10261 1.3529075309634209e-02</internalNodes>
      <leafValues>
        -8.6570128798484802e-02 1.5638445317745209e-01</leafValues></_>
    <_>
      <internalNodes>
        0 -1 22567 1.1397883063182235e-03</internalNodes>
      <leafValues>
        4.8802904784679413e-02 -2.5743040442466736e-01</leafValues></_>
    <_>
      <internalNodes>
        0 -1 31789 9.1479830443859100e-03</internalNodes>
      <leafValues>
        -5.2267998456954956e-02 2.4146693944931030e-01</leafValues></_>
    <_>
      <internalNodes>
        0 -1 22595 -4.8465542495250702e-03</internalNodes>
      <leafValues>
        -3.3680850267410278e-01 3.8526996970176697e-02</leafValues></_>
    <_>
      <internalNodes>
        0 -1 31882 -6.8590356968343258e-03</internalNodes>
      <leafValues>
        2.2502672672271729e-01 -5.5198412388563156e-02</leafValues></_>
    <_>
      <internalNodes>
        0 -1 3472 -6.4146935939788818e-02</internalNodes>
      <leafValues>
        1.4032055437564850e-01 -8.3656661212444305e-02</leafValues></_>
    <_>
      <internalNodes>
        0 -1 18528 -5.3457515314221382e-03</internalNodes>
      <leafValues>
        -3.1046167016029358e-01 3.8891755044460297e-02</leafValues></_>
    <_>
      <internalNodes>
        0 -1 14140 8.4369899705052376e-03</internalNodes>
      <leafValues>
        -6.3341096043586731e-02 1.9444151222705841e-01</leafValues></_>
    <_>
      <internalNodes>
        0 -1 5777 1.2723883264698088e-04</internalNodes>
      <leafValues>
        -1.2767189741134644e-01 9.0976409614086151e-02</leafValues></_>
    <_>
      <internalNodes>
        0 -1 15006 -3.7169312126934528e-03</internalNodes>
      <leafValues>
        -3.0779692530632019e-01 3.6672916263341904e-02</leafValues></_>
    <_>
      <internalNodes>
        0 -1 17651 -1.2133684940636158e-02</internalNodes>
      <leafValues>
        -4.2938277125358582e-01 2.7026370167732239e-02</leafValues></_>
    <_>
      <internalNodes>
        0 -1 28207 -1.2008275836706161e-02</internalNodes>
      <leafValues>
        2.3077249526977539e-01 -5.1641691476106644e-02</leafValues></_>
    <_>
      <internalNodes>
        0 -1 28207 9.2562194913625717e-03</internalNodes>
      <leafValues>
        -5.0629433244466782e-02 2.3346094787120819e-01</leafValues></_>
    <_>
      <internalNodes>
        0 -1 7927 -3.0641031265258789e-01</internalNodes>
      <leafValues>
        -2.1772335469722748e-01 5.0814002752304077e-02</leafValues></_>
    <_>
      <internalNodes>
        0 -1 11733 -3.4421585500240326e-02</internalNodes>
      <leafValues>
        2.2038178145885468e-01 -5.9284552931785583e-02</leafValues></_>
    <_>
      <internalNodes>
        0 -1 17026 -3.0526511371135712e-02</internalNodes>
      <leafValues>
        2.4483855068683624e-01 -5.5259604007005692e-02</leafValues></_>
    <_>
      <internalNodes>
        0 -1 33139 1.3672679662704468e-02</internalNodes>
      <leafValues>
        3.5260770469903946e-02 -3.4712064266204834e-01</leafValues></_>
    <_>
      <internalNodes>
        0 -1 34809 -1.5195197192952037e-04</internalNodes>
      <leafValues>
        8.3759531378746033e-02 -1.4309103786945343e-01</leafValues></_>
    <_>
      <internalNodes>
        0 -1 24783 -9.2728505842387676e-04</internalNodes>
      <leafValues>
        -2.1609196066856384e-01 5.4378382861614227e-02</leafValues></_>
    <_>
      <internalNodes>
        0 -1 34217 -1.3270512863527983e-04</internalNodes>
      <leafValues>
        1.1527229845523834e-01 -1.0045690089464188e-01</leafValues></_>
    <_>
      <internalNodes>
        0 -1 35202 3.9566438645124435e-03</internalNodes>
      <leafValues>
        3.1486202031373978e-02 -3.6665621399879456e-01</leafValues></_>
    <_>
      <internalNodes>
        0 -1 19870 9.8918303847312927e-03</internalNodes>
      <leafValues>
        -6.0203716158866882e-02 1.8151657283306122e-01</leafValues></_>
    <_>
      <internalNodes>
        0 -1 2017 -1.0729320347309113e-01</internalNodes>
      <leafValues>
        1.0595105588436127e-01 -1.0748294740915298e-01</leafValues></_>
    <_>
      <internalNodes>
        0 -1 18838 1.7532631754875183e-02</internalNodes>
      <leafValues>
        -9.4001337885856628e-02 1.3171379268169403e-01</leafValues></_>
    <_>
      <internalNodes>
        0 -1 31757 -2.3836030159145594e-03</internalNodes>
      <leafValues>
        -3.3637678623199463e-01 3.3608116209506989e-02</leafValues></_>
    <_>
      <internalNodes>
        0 -1 24247 6.3253566622734070e-03</internalNodes>
      <leafValues>
        -6.4008519053459167e-02 1.7494435608386993e-01</leafValues></_>
    <_>
      <internalNodes>
        0 -1 21046 1.8812995404005051e-04</internalNodes>
      <leafValues>
        -1.1801890283823013e-01 9.6111521124839783e-02</leafValues></_>
    <_>
      <internalNodes>
        0 -1 34990 -2.5937948375940323e-02</internalNodes>
      <leafValues>
        -3.6207336187362671e-01 3.0429357662796974e-02</leafValues></_>
    <_>
      <internalNodes>
        0 -1 31757 2.5402400642633438e-03</internalNodes>
      <leafValues>
        2.6211343705654144e-02 -3.8455918431282043e-01</leafValues></_>
    <_>
      <internalNodes>
        0 -1 34594 -4.1407728567719460e-03</internalNodes>
      <leafValues>
        1.5246987342834473e-01 -7.2861529886722565e-02</leafValues></_>
    <_>
      <internalNodes>
        0 -1 34428 1.1912559159100056e-02</internalNodes>
      <leafValues>
        -4.8065494745969772e-02 2.5587663054466248e-01</leafValues></_>
    <_>
      <internalNodes>
        0 -1 35087 -1.2089338270016015e-04</internalNodes>
      <leafValues>
        1.1820736527442932e-01 -8.4854140877723694e-02</leafValues></_>
    <_>
      <internalNodes>
        0 -1 34739 1.5678470954298973e-03</internalNodes>
      <leafValues>
        3.3863216638565063e-02 -3.0104622244834900e-01</leafValues></_>
    <_>
      <internalNodes>
        0 -1 392 4.1602708399295807e-02</internalNodes>
      <leafValues>
        -8.3949834108352661e-02 1.3451270759105682e-01</leafValues></_>
    <_>
      <internalNodes>
        0 -1 9151 1.3937700539827347e-02</internalNodes>
      <leafValues>
        -6.1545096337795258e-02 1.6112098097801208e-01</leafValues></_>
    <_>
      <internalNodes>
        0 -1 15024 -1.4357524923980236e-03</internalNodes>
      <leafValues>
        -2.6634743809700012e-01 3.5758323967456818e-02</leafValues></_>
    <_>
      <internalNodes>
        0 -1 13174 -1.4240373857319355e-03</internalNodes>
      <leafValues>
        1.2370801717042923e-01 -9.2276126146316528e-02</leafValues></_>
    <_>
      <internalNodes>
        0 -1 3169 -1.1450174497440457e-03</internalNodes>
      <leafValues>
        -2.3231160640716553e-01 3.9616122841835022e-02</leafValues></_>
    <_>
      <internalNodes>
        0 -1 31074 -1.4258379815146327e-04</internalNodes>
      <leafValues>
        8.6083047091960907e-02 -1.0313128679990768e-01</leafValues></_>
    <_>
      <internalNodes>
        0 -1 15024 9.7608938813209534e-04</internalNodes>
      <leafValues>
        4.2474590241909027e-02 -2.1460528671741486e-01</leafValues></_>
    <_>
      <internalNodes>
        0 -1 21315 1.8742205575108528e-02</internalNodes>
      <leafValues>
        -5.0997544080018997e-02 1.8758369982242584e-01</leafValues></_>
    <_>
      <internalNodes>
        0 -1 15107 1.9483905285596848e-02</internalNodes>
      <leafValues>
        2.5497790426015854e-02 -3.8979658484458923e-01</leafValues></_>
    <_>
      <internalNodes>
        0 -1 15829 3.7396878004074097e-02</internalNodes>
      <leafValues>
        -3.6720901727676392e-02 2.5500690937042236e-01</leafValues></_>
    <_>
      <internalNodes>
        0 -1 30311 1.6207680106163025e-02</internalNodes>
      <leafValues>
        2.9195986688137054e-02 -3.2988193631172180e-01</leafValues></_>
    <_>
      <internalNodes>
        0 -1 17499 -1.4705335721373558e-02</internalNodes>
      <leafValues>
        1.6021199524402618e-01 -5.6688711047172546e-02</leafValues></_>
    <_>
      <internalNodes>
        0 -1 33936 6.3738180324435234e-03</internalNodes>
      <leafValues>
        2.4300307035446167e-02 -3.7727138400077820e-01</leafValues></_>
    <_>
      <internalNodes>
        0 -1 16515 3.8160629570484161e-02</internalNodes>
      <leafValues>
        -3.8387428969144821e-02 2.4114990234375000e-01</leafValues></_>
    <_>
      <internalNodes>
        0 -1 34749 -1.4356492087244987e-02</internalNodes>
      <leafValues>
        -3.2349395751953125e-01 2.8712395578622818e-02</leafValues></_>
    <_>
      <internalNodes>
        0 -1 6789 1.2137852900195867e-04</internalNodes>
      <leafValues>
        -8.5020273923873901e-02 1.0389837622642517e-01</leafValues></_>
    <_>
      <internalNodes>
        0 -1 997 4.6093193814158440e-03</internalNodes>
      <leafValues>
        3.6137349903583527e-02 -2.5560066103935242e-01</leafValues></_>
    <_>
      <internalNodes>
        0 -1 2460 -3.8884312380105257e-03</internalNodes>
      <leafValues>
        1.5005299448966980e-01 -6.0061380267143250e-02</leafValues></_>
    <_>
      <internalNodes>
        0 -1 5532 2.3274961858987808e-04</internalNodes>
      <leafValues>
        -8.3650186657905579e-02 1.0561295598745346e-01</leafValues></_>
    <_>
      <internalNodes>
        0 -1 24785 2.2684587165713310e-03</internalNodes>
      <leafValues>
        3.0472468584775925e-02 -2.8816404938697815e-01</leafValues></_>
    <_>
      <internalNodes>
        0 -1 24755 -3.0157645232975483e-03</internalNodes>
      <leafValues>
        -2.2010412812232971e-01 4.1967920958995819e-02</leafValues></_>
    <_>
      <internalNodes>
        0 -1 33864 9.2949699610471725e-03</internalNodes>
      <leafValues>
        -3.9855848997831345e-02 2.4049974977970123e-01</leafValues></_>
    <_>
      <internalNodes>
        0 -1 33860 -3.8115018978714943e-03</internalNodes>
      <leafValues>
        1.5634314715862274e-01 -5.7291995733976364e-02</leafValues></_>
    <_>
      <internalNodes>
        0 -1 30880 2.2710903431288898e-04</internalNodes>
      <leafValues>
        -1.1759541183710098e-01 7.1169868111610413e-02</leafValues></_>
    <_>
      <internalNodes>
        0 -1 25283 -2.5035021826624870e-02</internalNodes>
      <leafValues>
        -2.5402981042861938e-01 3.2982945442199707e-02</leafValues></_>
    <_>
      <internalNodes>
        0 -1 19457 1.8411988392472267e-02</internalNodes>
      <leafValues>
        -5.0523001700639725e-02 1.7241884768009186e-01</leafValues></_>
    <_>
      <internalNodes>
        0 -1 13514 -4.3999262154102325e-02</internalNodes>
      <leafValues>
        3.1497949361801147e-01 -2.9777375981211662e-02</leafValues></_>
    <_>
      <internalNodes>
        0 -1 2700 4.4801980257034302e-03</internalNodes>
      <leafValues>
        2.6462269946932793e-02 -3.2144865393638611e-01</leafValues></_>
    <_>
      <internalNodes>
        0 -1 23952 -1.7559647676534951e-04</internalNodes>
      <leafValues>
        9.9501632153987885e-02 -8.3976387977600098e-02</leafValues></_>
    <_>
      <internalNodes>
        0 -1 9550 1.5120547264814377e-02</internalNodes>
      <leafValues>
        3.7775114178657532e-02 -2.3045605421066284e-01</leafValues></_>
    <_>
      <internalNodes>
        0 -1 542 9.2072710685897619e-05</internalNodes>
      <leafValues>
        -8.3591811358928680e-02 1.0510544478893280e-01</leafValues></_>
    <_>
      <internalNodes>
        0 -1 791 4.9034215509891510e-02</internalNodes>
      <leafValues>
        -5.5921312421560287e-02 1.4660802483558655e-01</leafValues></_>
    <_>
      <internalNodes>
        0 -1 29869 2.6004226878285408e-02</internalNodes>
      <leafValues>
        -3.0461717396974564e-02 2.5312778353691101e-01</leafValues></_>
    <_>
      <internalNodes>
        0 -1 6283 8.8187027722597122e-04</internalNodes>
      <leafValues>
        4.4658556580543518e-02 -1.8671651184558868e-01</leafValues></_>
    <_>
      <internalNodes>
        0 -1 26568 -4.4421236962080002e-03</internalNodes>
      <leafValues>
        1.8590775132179260e-01 -4.4467847794294357e-02</leafValues></_>
    <_>
      <internalNodes>
        0 -1 6283 -8.5969548672437668e-04</internalNodes>
      <leafValues>
        -1.7654959857463837e-01 4.6331204473972321e-02</leafValues></_>
    <_>
      <internalNodes>
        0 -1 9610 -2.2903308272361755e-01</internalNodes>
      <leafValues>
        -6.6371446847915649e-01 1.1513366363942623e-02</leafValues></_>
    <_>
      <internalNodes>
        0 -1 35181 2.6347022503614426e-03</internalNodes>
      <leafValues>
        3.7616308778524399e-02 -2.0337985455989838e-01</leafValues></_>
    <_>
      <internalNodes>
        0 -1 17413 1.2844600714743137e-03</internalNodes>
      <leafValues>
        -1.1570420116186142e-01 6.4888022840023041e-02</leafValues></_></weakClassifiers></stage7>
</opencv_storage>
