<?xml version="1.0"?>
<opencv_storage>
<stage15>
  <maxWeakCount>100</maxWeakCount>
  <stageThreshold>-1.4508452415466309e+00</stageThreshold>
  <weakClassifiers>
    <_>
      <internalNodes>
        0 -1 19273 -1.3920122385025024e-01</internalNodes>
      <leafValues>
        5.7641088962554932e-01 -1.7859715223312378e-01</leafValues></_>
    <_>
      <internalNodes>
        0 -1 19900 -1.8410451710224152e-02</internalNodes>
      <leafValues>
        5.3624111413955688e-01 -9.9562376737594604e-02</leafValues></_>
    <_>
      <internalNodes>
        0 -1 16573 -2.6935474947094917e-02</internalNodes>
      <leafValues>
        5.5668920278549194e-01 -9.3992881476879120e-02</leafValues></_>
    <_>
      <internalNodes>
        0 -1 17008 1.3664508238434792e-02</internalNodes>
      <leafValues>
        -1.4523498713970184e-01 4.2042249441146851e-01</leafValues></_>
    <_>
      <internalNodes>
        0 -1 14616 4.1833994910120964e-03</internalNodes>
      <leafValues>
        -7.2897069156169891e-02 4.0406993031501770e-01</leafValues></_>
    <_>
      <internalNodes>
        0 -1 20063 -6.8303402513265610e-03</internalNodes>
      <leafValues>
        3.8407573103904724e-01 -8.5796520113945007e-02</leafValues></_>
    <_>
      <internalNodes>
        0 -1 13521 -3.6636374890804291e-02</internalNodes>
      <leafValues>
        5.8231139183044434e-01 -2.8880290687084198e-02</leafValues></_>
    <_>
      <internalNodes>
        0 -1 16488 2.4044165387749672e-02</internalNodes>
      <leafValues>
        -8.4132365882396698e-02 3.1696370244026184e-01</leafValues></_>
    <_>
      <internalNodes>
        0 -1 34662 -1.3875964214093983e-04</internalNodes>
      <leafValues>
        1.2333063036203384e-01 -2.1284948289394379e-01</leafValues></_>
    <_>
      <internalNodes>
        0 -1 16477 -3.7259086966514587e-02</internalNodes>
      <leafValues>
        4.9875366687774658e-01 -5.0244685262441635e-02</leafValues></_>
    <_>
      <internalNodes>
        0 -1 14582 -8.5492487414740026e-05</internalNodes>
      <leafValues>
        1.6767959296703339e-01 -1.4523865282535553e-01</leafValues></_>
    <_>
      <internalNodes>
        0 -1 27112 4.8564855009317398e-02</internalNodes>
      <leafValues>
        -2.0829699933528900e-01 1.4242519438266754e-01</leafValues></_>
    <_>
      <internalNodes>
        0 -1 22744 1.0695878416299820e-02</internalNodes>
      <leafValues>
        -9.7052715718746185e-02 3.4075430035591125e-01</leafValues></_>
    <_>
      <internalNodes>
        0 -1 16775 1.8386842682957649e-02</internalNodes>
      <leafValues>
        -5.2935373038053513e-02 3.1282269954681396e-01</leafValues></_>
    <_>
      <internalNodes>
        0 -1 34691 -1.4192798174917698e-02</internalNodes>
      <leafValues>
        -3.5508790612220764e-01 5.9543229639530182e-02</leafValues></_>
    <_>
      <internalNodes>
        0 -1 24355 4.2456258088350296e-03</internalNodes>
      <leafValues>
        -7.0627324283123016e-02 2.8897440433502197e-01</leafValues></_>
    <_>
      <internalNodes>
        0 -1 35099 -3.5993732511997223e-02</internalNodes>
      <leafValues>
        -4.0312010049819946e-01 5.3146369755268097e-02</leafValues></_>
    <_>
      <internalNodes>
        0 -1 24977 -7.2967931628227234e-03</internalNodes>
      <leafValues>
        2.4944622814655304e-01 -8.2402028143405914e-02</leafValues></_>
    <_>
      <internalNodes>
        0 -1 1818 -8.6254891357384622e-05</internalNodes>
      <leafValues>
        1.6250203549861908e-01 -1.1036720871925354e-01</leafValues></_>
    <_>
      <internalNodes>
        0 -1 1818 1.0742310405476019e-04</internalNodes>
      <leafValues>
        -1.0013499110937119e-01 2.2550790011882782e-01</leafValues></_>
    <_>
      <internalNodes>
        0 -1 6543 -1.6185203567147255e-02</internalNodes>
      <leafValues>
        -3.4621268510818481e-01 4.9750257283449173e-02</leafValues></_>
    <_>
      <internalNodes>
        0 -1 30429 -4.4430926442146301e-02</internalNodes>
      <leafValues>
        -4.4259816408157349e-01 4.1387803852558136e-02</leafValues></_>
    <_>
      <internalNodes>
        0 -1 2520 -2.1652793511748314e-02</internalNodes>
      <leafValues>
        1.1661153286695480e-01 -1.4249315857887268e-01</leafValues></_>
    <_>
      <internalNodes>
        0 -1 33218 1.4802481746301055e-04</internalNodes>
      <leafValues>
        -2.3676949739456177e-01 7.0367142558097839e-02</leafValues></_>
    <_>
      <internalNodes>
        0 -1 15782 1.4654891565442085e-02</internalNodes>
      <leafValues>
        -7.7445760369300842e-02 2.3692753911018372e-01</leafValues></_>
    <_>
      <internalNodes>
        0 -1 14582 1.1284970241831616e-04</internalNodes>
      <leafValues>
        -1.0664249956607819e-01 1.5636403858661652e-01</leafValues></_>
    <_>
      <internalNodes>
        0 -1 9460 4.3274007737636566e-02</internalNodes>
      <leafValues>
        5.2440099418163300e-02 -3.5820224881172180e-01</leafValues></_>
    <_>
      <internalNodes>
        0 -1 12133 -2.1467935293912888e-02</internalNodes>
      <leafValues>
        2.4528056383132935e-01 -6.5336927771568298e-02</leafValues></_>
    <_>
      <internalNodes>
        0 -1 9404 1.3991796004120260e-04</internalNodes>
      <leafValues>
        -1.1735465377569199e-01 1.3209229707717896e-01</leafValues></_>
    <_>
      <internalNodes>
        0 -1 21039 -1.0401198960607871e-04</internalNodes>
      <leafValues>
        1.5404917299747467e-01 -1.1072991788387299e-01</leafValues></_>
    <_>
      <internalNodes>
        0 -1 21039 1.1328807886457071e-04</internalNodes>
      <leafValues>
        -1.2429500371217728e-01 1.9003961980342865e-01</leafValues></_>
    <_>
      <internalNodes>
        0 -1 33853 -4.4240551069378853e-03</internalNodes>
      <leafValues>
        2.4508862197399139e-01 -5.8199629187583923e-02</leafValues></_>
    <_>
      <internalNodes>
        0 -1 33860 8.6657451465725899e-03</internalNodes>
      <leafValues>
        -4.3027516454458237e-02 3.4503731131553650e-01</leafValues></_>
    <_>
      <internalNodes>
        0 -1 20292 -1.0916666360571980e-04</internalNodes>
      <leafValues>
        1.4880906045436859e-01 -1.0324797779321671e-01</leafValues></_>
    <_>
      <internalNodes>
        0 -1 20292 4.3015719711547717e-05</internalNodes>
      <leafValues>
        -1.1097788810729980e-01 1.6422818601131439e-01</leafValues></_>
    <_>
      <internalNodes>
        0 -1 15135 1.9683966413140297e-02</internalNodes>
      <leafValues>
        5.5689081549644470e-02 -3.2519644498825073e-01</leafValues></_>
    <_>
      <internalNodes>
        0 -1 31715 5.7060308754444122e-03</internalNodes>
      <leafValues>
        -1.7803880572319031e-01 7.6930157840251923e-02</leafValues></_>
    <_>
      <internalNodes>
        0 -1 1 -2.3850053548812866e-03</internalNodes>
      <leafValues>
        -2.6441559195518494e-01 5.4152254015207291e-02</leafValues></_>
    <_>
      <internalNodes>
        0 -1 13484 1.1283610365353525e-04</internalNodes>
      <leafValues>
        -1.1959095299243927e-01 1.1861301958560944e-01</leafValues></_>
    <_>
      <internalNodes>
        0 -1 26437 -7.5999228283762932e-03</internalNodes>
      <leafValues>
        2.4998743832111359e-01 -5.3895037621259689e-02</leafValues></_>
    <_>
      <internalNodes>
        0 -1 15145 -3.9177097380161285e-02</internalNodes>
      <leafValues>
        -4.5683816075325012e-01 2.9636098071932793e-02</leafValues></_>
    <_>
      <internalNodes>
        0 -1 21635 -1.3127872080076486e-04</internalNodes>
      <leafValues>
        1.2686085700988770e-01 -1.0649208724498749e-01</leafValues></_>
    <_>
      <internalNodes>
        0 -1 21635 1.0887927783187479e-04</internalNodes>
      <leafValues>
        -9.6258573234081268e-02 1.4893719553947449e-01</leafValues></_>
    <_>
      <internalNodes>
        0 -1 34706 -9.4935641391202807e-04</internalNodes>
      <leafValues>
        -2.8220584988594055e-01 4.7959357500076294e-02</leafValues></_>
    <_>
      <internalNodes>
        0 -1 22725 -5.5951431393623352e-02</internalNodes>
      <leafValues>
        -4.7863647341728210e-01 2.5031812489032745e-02</leafValues></_>
    <_>
      <internalNodes>
        0 -1 28466 -3.2220012508332729e-03</internalNodes>
      <leafValues>
        2.0143511891365051e-01 -6.2254279851913452e-02</leafValues></_>
    <_>
      <internalNodes>
        0 -1 12220 1.2743833940476179e-04</internalNodes>
      <leafValues>
        -1.2324098497629166e-01 9.6788145601749420e-02</leafValues></_>
    <_>
      <internalNodes>
        0 -1 10577 3.1620424240827560e-02</internalNodes>
      <leafValues>
        -4.9580335617065430e-02 2.4180963635444641e-01</leafValues></_>
    <_>
      <internalNodes>
        0 -1 33664 -9.3470364809036255e-02</internalNodes>
      <leafValues>
        -3.7265890836715698e-01 3.3473432064056396e-02</leafValues></_>
    <_>
      <internalNodes>
        0 -1 30158 -1.1950631596846506e-04</internalNodes>
      <leafValues>
        1.0646242648363113e-01 -1.1109340935945511e-01</leafValues></_>
    <_>
      <internalNodes>
        0 -1 34637 -1.6687050811015069e-04</internalNodes>
      <leafValues>
        1.1703941226005554e-01 -9.8681777715682983e-02</leafValues></_>
    <_>
      <internalNodes>
        0 -1 34637 1.1820768122561276e-04</internalNodes>
      <leafValues>
        -9.9401190876960754e-02 1.3713128864765167e-01</leafValues></_>
    <_>
      <internalNodes>
        0 -1 22804 -1.9823646545410156e-01</internalNodes>
      <leafValues>
        -3.0728229880332947e-01 3.9536908268928528e-02</leafValues></_>
    <_>
      <internalNodes>
        0 -1 30993 -2.9322922229766846e-02</internalNodes>
      <leafValues>
        2.5260040163993835e-01 -4.3857157230377197e-02</leafValues></_>
    <_>
      <internalNodes>
        0 -1 1265 -3.8210812956094742e-02</internalNodes>
      <leafValues>
        1.5028728544712067e-01 -7.4112467467784882e-02</leafValues></_>
    <_>
      <internalNodes>
        0 -1 31580 8.1655613030306995e-05</internalNodes>
      <leafValues>
        -8.6369700729846954e-02 1.2381330132484436e-01</leafValues></_>
    <_>
      <internalNodes>
        0 -1 31580 -1.2942063040100038e-04</internalNodes>
      <leafValues>
        1.1841629445552826e-01 -9.9426060914993286e-02</leafValues></_>
    <_>
      <internalNodes>
        0 -1 11029 -6.5243430435657501e-03</internalNodes>
      <leafValues>
        1.5190479159355164e-01 -6.9967627525329590e-02</leafValues></_>
    <_>
      <internalNodes>
        0 -1 11380 -1.2969557940959930e-01</internalNodes>
      <leafValues>
        -3.8130575418472290e-01 3.0386982485651970e-02</leafValues></_>
    <_>
      <internalNodes>
        0 -1 4327 -1.7100614309310913e-01</internalNodes>
      <leafValues>
        -3.4799987077713013e-01 2.7708914130926132e-02</leafValues></_>
    <_>
      <internalNodes>
        0 -1 9324 1.6265662387013435e-02</internalNodes>
      <leafValues>
        3.2694056630134583e-02 -3.0247071385383606e-01</leafValues></_>
    <_>
      <internalNodes>
        0 -1 22256 -4.6622371301054955e-03</internalNodes>
      <leafValues>
        1.9620782136917114e-01 -5.3234323859214783e-02</leafValues></_>
    <_>
      <internalNodes>
        0 -1 19273 -1.3914252817630768e-01</internalNodes>
      <leafValues>
        -2.4009241163730621e-01 5.0669725984334946e-02</leafValues></_>
    <_>
      <internalNodes>
        0 -1 2686 -3.1054079532623291e-02</internalNodes>
      <leafValues>
        1.7221923172473907e-01 -6.7442066967487335e-02</leafValues></_>
    <_>
      <internalNodes>
        0 -1 34977 -5.0686385482549667e-02</internalNodes>
      <leafValues>
        -3.4310954809188843e-01 2.8716409578919411e-02</leafValues></_>
    <_>
      <internalNodes>
        0 -1 35135 -5.2027835045009851e-04</internalNodes>
      <leafValues>
        7.7432356774806976e-02 -1.3995824754238129e-01</leafValues></_>
    <_>
      <internalNodes>
        0 -1 35130 -1.1278115562163293e-04</internalNodes>
      <leafValues>
        1.1338249593973160e-01 -9.7558259963989258e-02</leafValues></_>
    <_>
      <internalNodes>
        0 -1 19714 7.5830733403563499e-03</internalNodes>
      <leafValues>
        -2.7045154944062233e-02 4.0828454494476318e-01</leafValues></_>
    <_>
      <internalNodes>
        0 -1 13651 1.8708415329456329e-02</internalNodes>
      <leafValues>
        5.4960194975137711e-02 -1.9555987417697906e-01</leafValues></_>
    <_>
      <internalNodes>
        0 -1 35129 -2.3281956091523170e-03</internalNodes>
      <leafValues>
        -1.7347876727581024e-01 6.7054726183414459e-02</leafValues></_>
    <_>
      <internalNodes>
        0 -1 32967 -3.9562597870826721e-02</internalNodes>
      <leafValues>
        -4.4851988554000854e-01 1.9891234114766121e-02</leafValues></_>
    <_>
      <internalNodes>
        0 -1 3062 -9.4784059911035001e-05</internalNodes>
      <leafValues>
        1.0866399854421616e-01 -8.3563059568405151e-02</leafValues></_>
    <_>
      <internalNodes>
        0 -1 3062 9.2742775450460613e-05</internalNodes>
      <leafValues>
        -1.0218747705221176e-01 1.2659595906734467e-01</leafValues></_>
    <_>
      <internalNodes>
        0 -1 12413 -1.1751624941825867e-01</internalNodes>
      <leafValues>
        -4.2235514521598816e-01 2.1722096949815750e-02</leafValues></_>
    <_>
      <internalNodes>
        0 -1 3232 -3.0870421323925257e-04</internalNodes>
      <leafValues>
        -2.2631558775901794e-01 3.8285799324512482e-02</leafValues></_>
    <_>
      <internalNodes>
        0 -1 12036 1.3748097233474255e-02</internalNodes>
      <leafValues>
        -5.4640337824821472e-02 1.9696931540966034e-01</leafValues></_>
    <_>
      <internalNodes>
        0 -1 4179 8.7301261373795569e-05</internalNodes>
      <leafValues>
        -8.3042360842227936e-02 1.0649375617504120e-01</leafValues></_>
    <_>
      <internalNodes>
        0 -1 4179 -1.1283345520496368e-04</internalNodes>
      <leafValues>
        1.4896187186241150e-01 -1.0445179045200348e-01</leafValues></_>
    <_>
      <internalNodes>
        0 -1 7686 -1.1493473313748837e-02</internalNodes>
      <leafValues>
        -2.6459732651710510e-01 3.5911943763494492e-02</leafValues></_>
    <_>
      <internalNodes>
        0 -1 2462 4.4095930206822231e-05</internalNodes>
      <leafValues>
        7.3145121335983276e-02 -1.3554768264293671e-01</leafValues></_>
    <_>
      <internalNodes>
        0 -1 33099 -3.5324513912200928e-02</internalNodes>
      <leafValues>
        2.1355387568473816e-01 -4.4350173324346542e-02</leafValues></_>
    <_>
      <internalNodes>
        0 -1 30385 4.9709989689290524e-03</internalNodes>
      <leafValues>
        4.3278217315673828e-02 -2.7076184749603271e-01</leafValues></_>
    <_>
      <internalNodes>
        0 -1 3729 -4.9362715799361467e-04</internalNodes>
      <leafValues>
        -8.7999813258647919e-02 1.1362040787935257e-01</leafValues></_>
    <_>
      <internalNodes>
        0 -1 28869 -5.7138629257678986e-02</internalNodes>
      <leafValues>
        -4.7929170727729797e-01 2.2991459816694260e-02</leafValues></_>
    <_>
      <internalNodes>
        0 -1 35093 1.0917549952864647e-02</internalNodes>
      <leafValues>
        2.7955980971455574e-02 -3.2446253299713135e-01</leafValues></_>
    <_>
      <internalNodes>
        0 -1 33879 3.2480321824550629e-03</internalNodes>
      <leafValues>
        -6.5841063857078552e-02 1.4883084595203400e-01</leafValues></_>
    <_>
      <internalNodes>
        0 -1 33036 4.2730458080768585e-03</internalNodes>
      <leafValues>
        -6.2004912644624710e-02 1.5075729787349701e-01</leafValues></_>
    <_>
      <internalNodes>
        0 -1 3254 1.0425745858810842e-04</internalNodes>
      <leafValues>
        -8.1070072948932648e-02 1.0803759098052979e-01</leafValues></_>
    <_>
      <internalNodes>
        0 -1 3254 -1.3813265832141042e-04</internalNodes>
      <leafValues>
        1.2560746073722839e-01 -8.9167326688766479e-02</leafValues></_>
    <_>
      <internalNodes>
        0 -1 4 1.3006282097194344e-04</internalNodes>
      <leafValues>
        -7.9627141356468201e-02 1.0018462687730789e-01</leafValues></_>
    <_>
      <internalNodes>
        0 -1 1238 8.7034389376640320e-02</internalNodes>
      <leafValues>
        -4.6248923987150192e-02 2.0018476247787476e-01</leafValues></_>
    <_>
      <internalNodes>
        0 -1 1156 -5.4751589894294739e-02</internalNodes>
      <leafValues>
        1.4767423272132874e-01 -6.9455765187740326e-02</leafValues></_>
    <_>
      <internalNodes>
        0 -1 26750 4.0656970813870430e-03</internalNodes>
      <leafValues>
        -3.0781077221035957e-02 2.6773658394813538e-01</leafValues></_>
    <_>
      <internalNodes>
        0 -1 21 -2.4163432419300079e-02</internalNodes>
      <leafValues>
        -1.5459483861923218e-01 5.2354760468006134e-02</leafValues></_>
    <_>
      <internalNodes>
        0 -1 19 2.3045130074024200e-02</internalNodes>
      <leafValues>
        4.0751472115516663e-02 -2.3734726011753082e-01</leafValues></_>
    <_>
      <internalNodes>
        0 -1 6109 -1.5555306163150817e-04</internalNodes>
      <leafValues>
        7.7143333852291107e-02 -1.1952282488346100e-01</leafValues></_>
    <_>
      <internalNodes>
        0 -1 34660 -1.5755991626065224e-04</internalNodes>
      <leafValues>
        9.7683012485504150e-02 -7.9756736755371094e-02</leafValues></_>
    <_>
      <internalNodes>
        0 -1 34778 2.2100287606008351e-04</internalNodes>
      <leafValues>
        1.6245009005069733e-01 -5.3973529487848282e-02</leafValues></_>
    <_>
      <internalNodes>
        0 -1 34711 -5.7436700444668531e-05</internalNodes>
      <leafValues>
        -2.0712929964065552e-01 4.5131191611289978e-02</leafValues></_>
    <_>
      <internalNodes>
        0 -1 34625 1.1887267231941223e-02</internalNodes>
      <leafValues>
        -2.9012165963649750e-02 2.7153027057647705e-01</leafValues></_></weakClassifiers></stage15>
</opencv_storage>
