<?xml version="1.0"?>
<opencv_storage>
<stage1>
  <maxWeakCount>30</maxWeakCount>
  <stageThreshold>-1.7185351848602295e+00</stageThreshold>
  <weakClassifiers>
    <_>
      <internalNodes>
        0 -1 7936 -2.3549443483352661e-01</internalNodes>
      <leafValues>
        7.2276157140731812e-01 -3.4712457656860352e-01</leafValues></_>
    <_>
      <internalNodes>
        0 -1 33066 1.7463623953517526e-04</internalNodes>
      <leafValues>
        -5.1598942279815674e-01 2.5937101244926453e-01</leafValues></_>
    <_>
      <internalNodes>
        0 -1 309 -1.0785560607910156e+00</internalNodes>
      <leafValues>
        6.0336643457412720e-01 -1.7104138433933258e-01</leafValues></_>
    <_>
      <internalNodes>
        0 -1 35092 -1.2981152394786477e-04</internalNodes>
      <leafValues>
        2.1368029713630676e-01 -4.2868116497993469e-01</leafValues></_>
    <_>
      <internalNodes>
        0 -1 8804 -1.0248616337776184e-01</internalNodes>
      <leafValues>
        4.4402539730072021e-01 -1.9017632305622101e-01</leafValues></_>
    <_>
      <internalNodes>
        0 -1 22971 2.6804429944604635e-03</internalNodes>
      <leafValues>
        1.3565981388092041e-01 -6.8154859542846680e-01</leafValues></_>
    <_>
      <internalNodes>
        0 -1 22971 -2.6675602421164513e-03</internalNodes>
      <leafValues>
        -7.2855216264724731e-01 7.1014694869518280e-02</leafValues></_>
    <_>
      <internalNodes>
        0 -1 35218 -2.2347872145473957e-03</internalNodes>
      <leafValues>
        -6.3228774070739746e-01 8.9247405529022217e-02</leafValues></_>
    <_>
      <internalNodes>
        0 -1 34739 -2.2791894152760506e-03</internalNodes>
      <leafValues>
        -6.1783462762832642e-01 8.2129128277301788e-02</leafValues></_>
    <_>
      <internalNodes>
        0 -1 34739 1.5794709324836731e-03</internalNodes>
      <leafValues>
        9.5759980380535126e-02 -5.3567785024642944e-01</leafValues></_>
    <_>
      <internalNodes>
        0 -1 9260 1.0626275616232306e-04</internalNodes>
      <leafValues>
        -2.5013726949691772e-01 2.1821676194667816e-01</leafValues></_>
    <_>
      <internalNodes>
        0 -1 9263 -2.2938610054552555e-03</internalNodes>
      <leafValues>
        -5.9264981746673584e-01 8.7793081998825073e-02</leafValues></_>
    <_>
      <internalNodes>
        0 -1 30383 4.0263315895572305e-05</internalNodes>
      <leafValues>
        -2.6844099164009094e-01 1.8438379466533661e-01</leafValues></_>
    <_>
      <internalNodes>
        0 -1 14959 -2.2163239773362875e-03</internalNodes>
      <leafValues>
        -5.4995888471603394e-01 8.4772847592830658e-02</leafValues></_>
    <_>
      <internalNodes>
        0 -1 10551 -1.7027178406715393e-01</internalNodes>
      <leafValues>
        5.5521392822265625e-01 -9.8911359906196594e-02</leafValues></_>
    <_>
      <internalNodes>
        0 -1 28714 -4.6252608299255371e-03</internalNodes>
      <leafValues>
        -6.1450058221817017e-01 8.0933950841426849e-02</leafValues></_>
    <_>
      <internalNodes>
        0 -1 17806 6.3897974789142609e-02</internalNodes>
      <leafValues>
        -1.3125020265579224e-01 3.6846804618835449e-01</leafValues></_>
    <_>
      <internalNodes>
        0 -1 3236 -4.1565035644453019e-05</internalNodes>
      <leafValues>
        2.1735358238220215e-01 -1.8228192627429962e-01</leafValues></_>
    <_>
      <internalNodes>
        0 -1 18006 -8.7648212909698486e-02</internalNodes>
      <leafValues>
        4.7851756215095520e-01 -8.6679816246032715e-02</leafValues></_>
    <_>
      <internalNodes>
        0 -1 3809 1.1070790060330182e-04</internalNodes>
      <leafValues>
        -1.8723323941230774e-01 1.9742739200592041e-01</leafValues></_>
    <_>
      <internalNodes>
        0 -1 22523 -3.1124539673328400e-03</internalNodes>
      <leafValues>
        -5.9531176090240479e-01 6.7412316799163818e-02</leafValues></_>
    <_>
      <internalNodes>
        0 -1 18792 5.9153176844120026e-02</internalNodes>
      <leafValues>
        -1.0515387356281281e-01 3.7685522437095642e-01</leafValues></_>
    <_>
      <internalNodes>
        0 -1 31782 -4.1477372869849205e-03</internalNodes>
      <leafValues>
        -6.1972010135650635e-01 6.2293339520692825e-02</leafValues></_>
    <_>
      <internalNodes>
        0 -1 33968 2.2930651903152466e-03</internalNodes>
      <leafValues>
        -1.7314861714839935e-01 2.1193821728229523e-01</leafValues></_>
    <_>
      <internalNodes>
        0 -1 3720 7.1555763483047485e-02</internalNodes>
      <leafValues>
        -1.1958824843168259e-01 2.9836663603782654e-01</leafValues></_>
    <_>
      <internalNodes>
        0 -1 6283 1.8334628548473120e-03</internalNodes>
      <leafValues>
        7.7797569334506989e-02 -4.7585293650627136e-01</leafValues></_>
    <_>
      <internalNodes>
        0 -1 4 1.4209095388650894e-04</internalNodes>
      <leafValues>
        -1.6847781836986542e-01 2.3346860706806183e-01</leafValues></_>
    <_>
      <internalNodes>
        0 -1 34859 1.5449197962880135e-04</internalNodes>
      <leafValues>
        -1.7367695271968842e-01 1.8689663708209991e-01</leafValues></_>
    <_>
      <internalNodes>
        0 -1 6 -1.8852963112294674e-03</internalNodes>
      <leafValues>
        -4.7084283828735352e-01 7.4055276811122894e-02</leafValues></_>
    <_>
      <internalNodes>
        0 -1 6 1.8005173187702894e-03</internalNodes>
      <leafValues>
        7.1960285305976868e-02 -4.6918112039566040e-01</leafValues></_></weakClassifiers></stage1>
</opencv_storage>
