<?xml version="1.0"?>
<opencv_storage>
<stage14>
  <maxWeakCount>100</maxWeakCount>
  <stageThreshold>-1.4111082553863525e+00</stageThreshold>
  <weakClassifiers>
    <_>
      <internalNodes>
        0 -1 1650 -1.0936164855957031e+00</internalNodes>
      <leafValues>
        4.3776825070381165e-01 -1.2444615364074707e-01</leafValues></_>
    <_>
      <internalNodes>
        0 -1 17872 -3.3456921577453613e-02</internalNodes>
      <leafValues>
        2.3457670211791992e-01 -2.2403095662593842e-01</leafValues></_>
    <_>
      <internalNodes>
        0 -1 94 -2.2660616785287857e-02</internalNodes>
      <leafValues>
        2.0295976102352142e-01 -1.3256326317787170e-01</leafValues></_>
    <_>
      <internalNodes>
        0 -1 35109 -1.5916509437374771e-04</internalNodes>
      <leafValues>
        8.1701368093490601e-02 -2.3598037660121918e-01</leafValues></_>
    <_>
      <internalNodes>
        0 -1 12590 1.3801860809326172e-01</internalNodes>
      <leafValues>
        -1.3865049183368683e-01 1.4895138144493103e-01</leafValues></_>
    <_>
      <internalNodes>
        0 -1 32972 8.2427198067307472e-03</internalNodes>
      <leafValues>
        5.6949429214000702e-02 -3.8833072781562805e-01</leafValues></_>
    <_>
      <internalNodes>
        0 -1 13391 -2.1916610002517700e-01</internalNodes>
      <leafValues>
        3.7525397539138794e-01 -6.2328565865755081e-02</leafValues></_>
    <_>
      <internalNodes>
        0 -1 12332 1.0317802429199219e-01</internalNodes>
      <leafValues>
        -3.9182923734188080e-02 3.4195592999458313e-01</leafValues></_>
    <_>
      <internalNodes>
        0 -1 33727 2.8942078351974487e-03</internalNodes>
      <leafValues>
        -1.8372699618339539e-01 9.4628766179084778e-02</leafValues></_>
    <_>
      <internalNodes>
        0 -1 35155 1.2298963963985443e-02</internalNodes>
      <leafValues>
        2.4524377658963203e-02 -4.0951341390609741e-01</leafValues></_>
    <_>
      <internalNodes>
        0 -1 7786 5.2267253398895264e-02</internalNodes>
      <leafValues>
        -3.6913417279720306e-02 3.2944667339324951e-01</leafValues></_>
    <_>
      <internalNodes>
        0 -1 32965 2.0692314952611923e-02</internalNodes>
      <leafValues>
        3.7101708352565765e-02 -5.1222783327102661e-01</leafValues></_>
    <_>
      <internalNodes>
        0 -1 16224 4.6104528009891510e-03</internalNodes>
      <leafValues>
        3.4525491297245026e-02 -4.6509701013565063e-01</leafValues></_>
    <_>
      <internalNodes>
        0 -1 2897 8.1635429523885250e-04</internalNodes>
      <leafValues>
        -1.5728361904621124e-01 8.3631344139575958e-02</leafValues></_>
    <_>
      <internalNodes>
        0 -1 13920 -2.4004138540476561e-03</internalNodes>
      <leafValues>
        1.1657917499542236e-01 -1.0046213865280151e-01</leafValues></_>
    <_>
      <internalNodes>
        0 -1 28325 4.0372614748775959e-03</internalNodes>
      <leafValues>
        -8.1119164824485779e-02 1.6732899844646454e-01</leafValues></_>
    <_>
      <internalNodes>
        0 -1 30394 1.2071438133716583e-02</internalNodes>
      <leafValues>
        -7.4139863252639771e-02 1.7295414209365845e-01</leafValues></_>
    <_>
      <internalNodes>
        0 -1 24473 -1.3228178431745619e-04</internalNodes>
      <leafValues>
        1.2393661588430405e-01 -1.0048401355743408e-01</leafValues></_>
    <_>
      <internalNodes>
        0 -1 30467 7.5333137065172195e-03</internalNodes>
      <leafValues>
        -6.7131742835044861e-02 1.8048846721649170e-01</leafValues></_>
    <_>
      <internalNodes>
        0 -1 31876 1.5279171930160373e-04</internalNodes>
      <leafValues>
        -1.9622839987277985e-01 8.4265604615211487e-02</leafValues></_>
    <_>
      <internalNodes>
        0 -1 35130 4.2867111042141914e-03</internalNodes>
      <leafValues>
        2.8690004721283913e-02 -4.2155468463897705e-01</leafValues></_>
    <_>
      <internalNodes>
        0 -1 21304 1.0124008171260357e-02</internalNodes>
      <leafValues>
        -8.9542977511882782e-02 1.2322070449590683e-01</leafValues></_>
    <_>
      <internalNodes>
        0 -1 22861 1.5144797042012215e-02</internalNodes>
      <leafValues>
        -6.8701729178428650e-02 1.7872823774814606e-01</leafValues></_>
    <_>
      <internalNodes>
        0 -1 35086 7.9869711771607399e-04</internalNodes>
      <leafValues>
        4.9466259777545929e-02 -2.9313567280769348e-01</leafValues></_>
    <_>
      <internalNodes>
        0 -1 24826 8.2190763205289841e-03</internalNodes>
      <leafValues>
        2.1872598677873611e-02 -4.5742517709732056e-01</leafValues></_>
    <_>
      <internalNodes>
        0 -1 529 1.3687368482351303e-02</internalNodes>
      <leafValues>
        -8.7222769856452942e-02 1.2823072075843811e-01</leafValues></_>
    <_>
      <internalNodes>
        0 -1 27397 -3.0885186046361923e-02</internalNodes>
      <leafValues>
        2.2711014747619629e-01 -5.2324403077363968e-02</leafValues></_>
    <_>
      <internalNodes>
        0 -1 35202 2.7322908863425255e-03</internalNodes>
      <leafValues>
        3.7103757262229919e-02 -3.0699914693832397e-01</leafValues></_>
    <_>
      <internalNodes>
        0 -1 3232 -3.1328370096161962e-04</internalNodes>
      <leafValues>
        -2.4582226574420929e-01 4.4760111719369888e-02</leafValues></_>
    <_>
      <internalNodes>
        0 -1 6482 3.2300435006618500e-02</internalNodes>
      <leafValues>
        2.3278215900063515e-02 -4.4139453768730164e-01</leafValues></_>
    <_>
      <internalNodes>
        0 -1 29707 2.3883316665887833e-02</internalNodes>
      <leafValues>
        -4.3210234493017197e-02 2.6674878597259521e-01</leafValues></_>
    <_>
      <internalNodes>
        0 -1 23311 1.2496998533606529e-03</internalNodes>
      <leafValues>
        4.6551123261451721e-02 -2.5054562091827393e-01</leafValues></_>
    <_>
      <internalNodes>
        0 -1 23311 -1.6351367812603712e-03</internalNodes>
      <leafValues>
        -2.7305650711059570e-01 3.7659477442502975e-02</leafValues></_>
    <_>
      <internalNodes>
        0 -1 33633 5.1187565550208092e-03</internalNodes>
      <leafValues>
        -8.0860510468482971e-02 1.2831826508045197e-01</leafValues></_>
    <_>
      <internalNodes>
        0 -1 33955 -1.0453871451318264e-02</internalNodes>
      <leafValues>
        2.5494676828384399e-01 -4.9676969647407532e-02</leafValues></_>
    <_>
      <internalNodes>
        0 -1 33300 1.1068803258240223e-02</internalNodes>
      <leafValues>
        4.2573768645524979e-02 -3.1111598014831543e-01</leafValues></_>
    <_>
      <internalNodes>
        0 -1 34908 -7.7595827169716358e-03</internalNodes>
      <leafValues>
        7.8099392354488373e-02 -1.2202938646078110e-01</leafValues></_>
    <_>
      <internalNodes>
        0 -1 35217 -7.6992074027657509e-03</internalNodes>
      <leafValues>
        -2.8668001294136047e-01 4.0817722678184509e-02</leafValues></_>
    <_>
      <internalNodes>
        0 -1 13850 7.8678578138351440e-03</internalNodes>
      <leafValues>
        -6.9561734795570374e-02 1.5536226332187653e-01</leafValues></_>
    <_>
      <internalNodes>
        0 -1 34653 -1.6701658023521304e-04</internalNodes>
      <leafValues>
        1.1243747919797897e-01 -8.9211210608482361e-02</leafValues></_>
    <_>
      <internalNodes>
        0 -1 34653 1.5018421981949359e-04</internalNodes>
      <leafValues>
        -8.7824799120426178e-02 1.1566542834043503e-01</leafValues></_>
    <_>
      <internalNodes>
        0 -1 2239 2.3708947002887726e-02</internalNodes>
      <leafValues>
        -5.5471297353506088e-02 1.7180354893207550e-01</leafValues></_>
    <_>
      <internalNodes>
        0 -1 2161 7.5256209820508957e-03</internalNodes>
      <leafValues>
        2.2782837972044945e-02 -4.2691683769226074e-01</leafValues></_>
    <_>
      <internalNodes>
        0 -1 22073 1.7450499581173062e-04</internalNodes>
      <leafValues>
        -9.6844054758548737e-02 9.3162506818771362e-02</leafValues></_>
    <_>
      <internalNodes>
        0 -1 13549 1.2422573752701283e-02</internalNodes>
      <leafValues>
        3.4492734819650650e-02 -2.6657375693321228e-01</leafValues></_>
    <_>
      <internalNodes>
        0 -1 34702 -5.3966569248586893e-04</internalNodes>
      <leafValues>
        -2.1124966442584991e-01 4.0864627808332443e-02</leafValues></_>
    <_>
      <internalNodes>
        0 -1 6477 4.0682973340153694e-03</internalNodes>
      <leafValues>
        -6.5178014338016510e-02 1.4977012574672699e-01</leafValues></_>
    <_>
      <internalNodes>
        0 -1 6473 -4.8927431926131248e-03</internalNodes>
      <leafValues>
        1.5905481576919556e-01 -7.2051934897899628e-02</leafValues></_>
    <_>
      <internalNodes>
        0 -1 330 1.0829787701368332e-02</internalNodes>
      <leafValues>
        -8.8728308677673340e-02 1.0838723182678223e-01</leafValues></_>
    <_>
      <internalNodes>
        0 -1 28714 3.7659439258277416e-03</internalNodes>
      <leafValues>
        2.3927856236696243e-02 -4.4061383605003357e-01</leafValues></_>
    <_>
      <internalNodes>
        0 -1 28259 -1.8715538084506989e-02</internalNodes>
      <leafValues>
        1.6340291500091553e-01 -5.8321375399827957e-02</leafValues></_>
    <_>
      <internalNodes>
        0 -1 1465 4.0982582140713930e-04</internalNodes>
      <leafValues>
        6.9287903606891632e-02 -1.3344419002532959e-01</leafValues></_>
    <_>
      <internalNodes>
        0 -1 28203 -7.3547442443668842e-03</internalNodes>
      <leafValues>
        1.7362621426582336e-01 -5.6852854788303375e-02</leafValues></_>
    <_>
      <internalNodes>
        0 -1 2 1.2437760597094893e-04</internalNodes>
      <leafValues>
        -8.5169002413749695e-02 1.1085728555917740e-01</leafValues></_>
    <_>
      <internalNodes>
        0 -1 2 -1.3061819481663406e-04</internalNodes>
      <leafValues>
        1.1718253046274185e-01 -8.6258307099342346e-02</leafValues></_>
    <_>
      <internalNodes>
        0 -1 17746 1.4880009926855564e-02</internalNodes>
      <leafValues>
        1.5520812012255192e-02 -5.8878052234649658e-01</leafValues></_>
    <_>
      <internalNodes>
        0 -1 16859 1.3982640579342842e-02</internalNodes>
      <leafValues>
        -4.7763459384441376e-02 1.9470891356468201e-01</leafValues></_>
    <_>
      <internalNodes>
        0 -1 7649 7.5760670006275177e-03</internalNodes>
      <leafValues>
        -7.4454672634601593e-02 1.2300382554531097e-01</leafValues></_>
    <_>
      <internalNodes>
        0 -1 35054 4.7193435020744801e-03</internalNodes>
      <leafValues>
        2.5939645245671272e-02 -3.2538184523582458e-01</leafValues></_>
    <_>
      <internalNodes>
        0 -1 17247 -3.2538267987547442e-05</internalNodes>
      <leafValues>
        -8.5653707385063171e-02 1.0433933138847351e-01</leafValues></_>
    <_>
      <internalNodes>
        0 -1 11739 -3.3362850546836853e-02</internalNodes>
      <leafValues>
        1.6006982326507568e-01 -6.5524399280548096e-02</leafValues></_>
    <_>
      <internalNodes>
        0 -1 1650 -1.0945863723754883e+00</internalNodes>
      <leafValues>
        -2.2097982466220856e-01 3.9390653371810913e-02</leafValues></_>
    <_>
      <internalNodes>
        0 -1 30944 1.7084654420614243e-02</internalNodes>
      <leafValues>
        -6.8163156509399414e-02 1.4345169067382813e-01</leafValues></_>
    <_>
      <internalNodes>
        0 -1 33431 5.6202535051852465e-04</internalNodes>
      <leafValues>
        5.7080719619989395e-02 -1.5435916185379028e-01</leafValues></_>
    <_>
      <internalNodes>
        0 -1 12198 -7.7497162856161594e-03</internalNodes>
      <leafValues>
        -5.0227421522140503e-01 1.7021402716636658e-02</leafValues></_>
    <_>
      <internalNodes>
        0 -1 542 1.5658533084206283e-04</internalNodes>
      <leafValues>
        -8.1028178334236145e-02 1.0239490866661072e-01</leafValues></_>
    <_>
      <internalNodes>
        0 -1 3743 -2.4505851790308952e-02</internalNodes>
      <leafValues>
        1.5136747062206268e-01 -5.2081827074289322e-02</leafValues></_>
    <_>
      <internalNodes>
        0 -1 18050 1.0635596700012684e-02</internalNodes>
      <leafValues>
        -7.3609076440334320e-02 1.5815587341785431e-01</leafValues></_>
    <_>
      <internalNodes>
        0 -1 1 5.3783236071467400e-03</internalNodes>
      <leafValues>
        2.1607197821140289e-02 -4.0969970822334290e-01</leafValues></_>
    <_>
      <internalNodes>
        0 -1 34208 1.6249800100922585e-03</internalNodes>
      <leafValues>
        2.7372868731617928e-02 -2.8693547844886780e-01</leafValues></_>
    <_>
      <internalNodes>
        0 -1 34208 -1.5163472853600979e-03</internalNodes>
      <leafValues>
        -2.4723513424396515e-01 3.6498650908470154e-02</leafValues></_>
    <_>
      <internalNodes>
        0 -1 28016 -2.1785225719213486e-02</internalNodes>
      <leafValues>
        1.3943956792354584e-01 -6.2474362552165985e-02</leafValues></_>
    <_>
      <internalNodes>
        0 -1 12198 5.0960774533450603e-03</internalNodes>
      <leafValues>
        1.9814636558294296e-02 -3.6407834291458130e-01</leafValues></_>
    <_>
      <internalNodes>
        0 -1 4022 6.4671978354454041e-02</internalNodes>
      <leafValues>
        -3.9726082235574722e-02 1.9524697959423065e-01</leafValues></_>
    <_>
      <internalNodes>
        0 -1 16226 8.7928469292819500e-04</internalNodes>
      <leafValues>
        4.4944133609533310e-02 -1.8056844174861908e-01</leafValues></_>
    <_>
      <internalNodes>
        0 -1 542 -1.6397918807342649e-04</internalNodes>
      <leafValues>
        1.0738120973110199e-01 -7.6475851237773895e-02</leafValues></_>
    <_>
      <internalNodes>
        0 -1 259 -8.5292860865592957e-02</internalNodes>
      <leafValues>
        1.7510263621807098e-01 -4.9258150160312653e-02</leafValues></_>
    <_>
      <internalNodes>
        0 -1 7636 -5.1943045109510422e-03</internalNodes>
      <leafValues>
        -2.2635959088802338e-01 4.1742701083421707e-02</leafValues></_>
    <_>
      <internalNodes>
        0 -1 12835 1.4440612867474556e-02</internalNodes>
      <leafValues>
        3.2789446413516998e-02 -2.4781163036823273e-01</leafValues></_>
    <_>
      <internalNodes>
        0 -1 4572 3.5140916705131531e-02</internalNodes>
      <leafValues>
        -4.7499001026153564e-02 1.7925785481929779e-01</leafValues></_>
    <_>
      <internalNodes>
        0 -1 18879 1.8074081162922084e-04</internalNodes>
      <leafValues>
        -9.6240967512130737e-02 9.4004876911640167e-02</leafValues></_>
    <_>
      <internalNodes>
        0 -1 10954 -2.0049406215548515e-02</internalNodes>
      <leafValues>
        1.6187681257724762e-01 -5.6066494435071945e-02</leafValues></_>
    <_>
      <internalNodes>
        0 -1 360 3.0683314800262451e-01</internalNodes>
      <leafValues>
        -3.8150563836097717e-02 1.8885959684848785e-01</leafValues></_>
    <_>
      <internalNodes>
        0 -1 5582 -6.9891074672341347e-03</internalNodes>
      <leafValues>
        9.2085801064968109e-02 -1.1680469661951065e-01</leafValues></_>
    <_>
      <internalNodes>
        0 -1 3238 1.4478294178843498e-03</internalNodes>
      <leafValues>
        -7.1947634220123291e-02 1.0945028066635132e-01</leafValues></_>
    <_>
      <internalNodes>
        0 -1 25634 -5.0448500551283360e-03</internalNodes>
      <leafValues>
        1.3751946389675140e-01 -5.2606601268053055e-02</leafValues></_>
    <_>
      <internalNodes>
        0 -1 26276 -6.1164223589003086e-03</internalNodes>
      <leafValues>
        1.4280399680137634e-01 -5.1874566823244095e-02</leafValues></_>
    <_>
      <internalNodes>
        0 -1 6283 2.1956090349704027e-03</internalNodes>
      <leafValues>
        2.3177208378911018e-02 -3.2023331522941589e-01</leafValues></_>
    <_>
      <internalNodes>
        0 -1 28712 -1.0909406410064548e-04</internalNodes>
      <leafValues>
        9.4035461544990540e-02 -7.8477539122104645e-02</leafValues></_>
    <_>
      <internalNodes>
        0 -1 28712 1.2466072803363204e-04</internalNodes>
      <leafValues>
        -6.9707520306110382e-02 1.1099141836166382e-01</leafValues></_>
    <_>
      <internalNodes>
        0 -1 34700 -3.3978372812271118e-05</internalNodes>
      <leafValues>
        -9.6457965672016144e-02 7.8559719026088715e-02</leafValues></_>
    <_>
      <internalNodes>
        0 -1 18331 -6.0746194794774055e-03</internalNodes>
      <leafValues>
        1.2954057753086090e-01 -5.8686941862106323e-02</leafValues></_>
    <_>
      <internalNodes>
        0 -1 17956 9.2188958078622818e-03</internalNodes>
      <leafValues>
        -9.1361679136753082e-02 1.1378725618124008e-01</leafValues></_>
    <_>
      <internalNodes>
        0 -1 5231 -2.0840343087911606e-02</internalNodes>
      <leafValues>
        1.4119796454906464e-01 -5.7183589786291122e-02</leafValues></_>
    <_>
      <internalNodes>
        0 -1 6 6.7583908094093204e-04</internalNodes>
      <leafValues>
        4.5494560152292252e-02 -1.8441808223724365e-01</leafValues></_>
    <_>
      <internalNodes>
        0 -1 14413 -3.1178281642496586e-03</internalNodes>
      <leafValues>
        9.2669568955898285e-02 -8.7181441485881805e-02</leafValues></_>
    <_>
      <internalNodes>
        0 -1 34661 -1.0447825770825148e-03</internalNodes>
      <leafValues>
        -2.9364410042762756e-01 2.4814976379275322e-02</leafValues></_>
    <_>
      <internalNodes>
        0 -1 33914 3.5950988531112671e-03</internalNodes>
      <leafValues>
        -5.4915584623813629e-02 1.4190225303173065e-01</leafValues></_>
    <_>
      <internalNodes>
        0 -1 33860 -2.4706092663109303e-03</internalNodes>
      <leafValues>
        1.2917511165142059e-01 -7.0147424936294556e-02</leafValues></_>
    <_>
      <internalNodes>
        0 -1 24755 4.3975152075290680e-03</internalNodes>
      <leafValues>
        2.7263451367616653e-02 -2.8596052527427673e-01</leafValues></_></weakClassifiers></stage14>
</opencv_storage>
