<?xml version="1.0"?>
<opencv_storage>
<stage10>
  <maxWeakCount>100</maxWeakCount>
  <stageThreshold>-1.5683189630508423e+00</stageThreshold>
  <weakClassifiers>
    <_>
      <internalNodes>
        0 -1 1650 -9.9343097209930420e-01</internalNodes>
      <leafValues>
        4.8541322350502014e-01 -1.6722126305103302e-01</leafValues></_>
    <_>
      <internalNodes>
        0 -1 33055 7.6332069002091885e-03</internalNodes>
      <leafValues>
        -3.0816537141799927e-01 1.8049091100692749e-01</leafValues></_>
    <_>
      <internalNodes>
        0 -1 7554 -3.3455058932304382e-01</internalNodes>
      <leafValues>
        4.1113790869712830e-01 -1.0365380346775055e-01</leafValues></_>
    <_>
      <internalNodes>
        0 -1 12185 8.2548921927809715e-03</internalNodes>
      <leafValues>
        -2.1933303773403168e-01 1.2333539873361588e-01</leafValues></_>
    <_>
      <internalNodes>
        0 -1 35086 -1.4668068615719676e-04</internalNodes>
      <leafValues>
        1.3983036577701569e-01 -2.0001029968261719e-01</leafValues></_>
    <_>
      <internalNodes>
        0 -1 35131 5.5598388426005840e-03</internalNodes>
      <leafValues>
        5.8719921857118607e-02 -5.2865898609161377e-01</leafValues></_>
    <_>
      <internalNodes>
        0 -1 2146 -1.4536535739898682e-01</internalNodes>
      <leafValues>
        1.9980651140213013e-01 -1.0914555191993713e-01</leafValues></_>
    <_>
      <internalNodes>
        0 -1 15787 -8.1331223249435425e-02</internalNodes>
      <leafValues>
        2.5920775532722473e-01 -9.0034984052181244e-02</leafValues></_>
    <_>
      <internalNodes>
        0 -1 34131 -1.9874226301908493e-02</internalNodes>
      <leafValues>
        -4.3352699279785156e-01 4.8404678702354431e-02</leafValues></_>
    <_>
      <internalNodes>
        0 -1 16791 -3.4113414585590363e-02</internalNodes>
      <leafValues>
        2.9412105679512024e-01 -5.9634659439325333e-02</leafValues></_>
    <_>
      <internalNodes>
        0 -1 35186 -2.1623656153678894e-02</internalNodes>
      <leafValues>
        -4.7706836462020874e-01 3.1203433871269226e-02</leafValues></_>
    <_>
      <internalNodes>
        0 -1 22071 -1.8780605867505074e-02</internalNodes>
      <leafValues>
        2.3120088875293732e-01 -6.7817345261573792e-02</leafValues></_>
    <_>
      <internalNodes>
        0 -1 30385 -1.0934613645076752e-02</internalNodes>
      <leafValues>
        -4.3480432033538818e-01 3.3129986375570297e-02</leafValues></_>
    <_>
      <internalNodes>
        0 -1 34698 -5.4359814384952188e-04</internalNodes>
      <leafValues>
        -2.8703236579895020e-01 5.6601241230964661e-02</leafValues></_>
    <_>
      <internalNodes>
        0 -1 34649 -6.3425702974200249e-03</internalNodes>
      <leafValues>
        -4.1484892368316650e-01 3.9667833596467972e-02</leafValues></_>
    <_>
      <internalNodes>
        0 -1 591 1.3821248430758715e-03</internalNodes>
      <leafValues>
        -1.1916187405586243e-01 1.2100220471620560e-01</leafValues></_>
    <_>
      <internalNodes>
        0 -1 33922 8.3662364631891251e-03</internalNodes>
      <leafValues>
        -9.6813820302486420e-02 1.4177133142948151e-01</leafValues></_>
    <_>
      <internalNodes>
        0 -1 22097 9.6029834821820259e-03</internalNodes>
      <leafValues>
        -4.5943338423967361e-02 3.0806154012680054e-01</leafValues></_>
    <_>
      <internalNodes>
        0 -1 2923 -5.4209483787417412e-03</internalNodes>
      <leafValues>
        1.1858022212982178e-01 -1.1228789389133453e-01</leafValues></_>
    <_>
      <internalNodes>
        0 -1 26939 -1.2647835537791252e-02</internalNodes>
      <leafValues>
        -4.4511300325393677e-01 2.4444309994578362e-02</leafValues></_>
    <_>
      <internalNodes>
        0 -1 3185 -8.0680008977651596e-04</internalNodes>
      <leafValues>
        -2.2454710304737091e-01 5.4117925465106964e-02</leafValues></_>
    <_>
      <internalNodes>
        0 -1 34642 -1.3735369779169559e-02</internalNodes>
      <leafValues>
        -4.7773513197898865e-01 2.3547884076833725e-02</leafValues></_>
    <_>
      <internalNodes>
        0 -1 6710 -2.9255947098135948e-02</internalNodes>
      <leafValues>
        2.2029379010200500e-01 -5.3761988878250122e-02</leafValues></_>
    <_>
      <internalNodes>
        0 -1 22941 1.2970995157957077e-02</internalNodes>
      <leafValues>
        -7.8491277992725372e-02 2.0684757828712463e-01</leafValues></_>
    <_>
      <internalNodes>
        0 -1 12769 1.6928231343626976e-02</internalNodes>
      <leafValues>
        3.6071289330720901e-02 -3.9691060781478882e-01</leafValues></_>
    <_>
      <internalNodes>
        0 -1 12440 -2.0746540278196335e-02</internalNodes>
      <leafValues>
        -3.2389882206916809e-01 3.6262832581996918e-02</leafValues></_>
    <_>
      <internalNodes>
        0 -1 35218 -2.2372105158865452e-03</internalNodes>
      <leafValues>
        -3.8500887155532837e-01 2.5977527722716331e-02</leafValues></_>
    <_>
      <internalNodes>
        0 -1 22097 -5.5065550841391087e-03</internalNodes>
      <leafValues>
        1.7998178303241730e-01 -6.1744108796119690e-02</leafValues></_>
    <_>
      <internalNodes>
        0 -1 35135 -1.8206523964181542e-04</internalNodes>
      <leafValues>
        7.6698660850524902e-02 -1.3814085721969604e-01</leafValues></_>
    <_>
      <internalNodes>
        0 -1 35136 -1.2042294256389141e-02</internalNodes>
      <leafValues>
        -2.7858033776283264e-01 4.7749746590852737e-02</leafValues></_>
    <_>
      <internalNodes>
        0 -1 15522 -2.4507893249392509e-02</internalNodes>
      <leafValues>
        2.5016215443611145e-01 -4.4865611940622330e-02</leafValues></_>
    <_>
      <internalNodes>
        0 -1 2161 5.8339470997452736e-03</internalNodes>
      <leafValues>
        3.4508366137742996e-02 -3.5106006264686584e-01</leafValues></_>
    <_>
      <internalNodes>
        0 -1 6099 1.7983388155698776e-02</internalNodes>
      <leafValues>
        -5.9700421988964081e-02 1.8347913026809692e-01</leafValues></_>
    <_>
      <internalNodes>
        0 -1 19775 6.5137208439409733e-03</internalNodes>
      <leafValues>
        -5.9691794216632843e-02 2.2565799951553345e-01</leafValues></_>
    <_>
      <internalNodes>
        0 -1 9251 -2.2369908401742578e-04</internalNodes>
      <leafValues>
        -1.9822436571121216e-01 6.2205191701650620e-02</leafValues></_>
    <_>
      <internalNodes>
        0 -1 1834 4.1179534047842026e-02</internalNodes>
      <leafValues>
        3.2208561897277832e-02 -3.5078066587448120e-01</leafValues></_>
    <_>
      <internalNodes>
        0 -1 10620 4.5690611004829407e-03</internalNodes>
      <leafValues>
        2.6721447706222534e-02 -3.8185960054397583e-01</leafValues></_>
    <_>
      <internalNodes>
        0 -1 33099 -3.9304196834564209e-02</internalNodes>
      <leafValues>
        2.4352400004863739e-01 -4.3510261923074722e-02</leafValues></_>
    <_>
      <internalNodes>
        0 -1 33431 -6.6710478859022260e-04</internalNodes>
      <leafValues>
        -1.9563393294811249e-01 6.2377929687500000e-02</leafValues></_>
    <_>
      <internalNodes>
        0 -1 24784 -3.3589564263820648e-03</internalNodes>
      <leafValues>
        -4.0688160061836243e-01 2.4796141311526299e-02</leafValues></_>
    <_>
      <internalNodes>
        0 -1 24351 -7.5391493737697601e-03</internalNodes>
      <leafValues>
        1.5646836161613464e-01 -7.1803189814090729e-02</leafValues></_>
    <_>
      <internalNodes>
        0 -1 26764 -9.3551678583025932e-04</internalNodes>
      <leafValues>
        1.0421984642744064e-01 -1.0375004261732101e-01</leafValues></_>
    <_>
      <internalNodes>
        0 -1 24890 8.9745558798313141e-03</internalNodes>
      <leafValues>
        2.3365691304206848e-02 -4.3300685286521912e-01</leafValues></_>
    <_>
      <internalNodes>
        0 -1 1376 2.4933114647865295e-02</internalNodes>
      <leafValues>
        -5.9055782854557037e-02 1.6760468482971191e-01</leafValues></_>
    <_>
      <internalNodes>
        0 -1 12616 -7.8143879771232605e-02</internalNodes>
      <leafValues>
        1.9687235355377197e-01 -5.4522182792425156e-02</leafValues></_>
    <_>
      <internalNodes>
        0 -1 11342 -7.8918505460023880e-03</internalNodes>
      <leafValues>
        1.0266645997762680e-01 -9.8409019410610199e-02</leafValues></_>
    <_>
      <internalNodes>
        0 -1 420 2.8882747888565063e-01</internalNodes>
      <leafValues>
        -8.2392647862434387e-02 1.4444375038146973e-01</leafValues></_>
    <_>
      <internalNodes>
        0 -1 15819 2.0698711276054382e-02</internalNodes>
      <leafValues>
        -5.9250768274068832e-02 1.9883121550083160e-01</leafValues></_>
    <_>
      <internalNodes>
        0 -1 542 1.4321610797196627e-04</internalNodes>
      <leafValues>
        -8.9662507176399231e-02 1.1520912498235703e-01</leafValues></_>
    <_>
      <internalNodes>
        0 -1 6 9.3166099395602942e-04</internalNodes>
      <leafValues>
        4.6082876622676849e-02 -2.2522830963134766e-01</leafValues></_>
    <_>
      <internalNodes>
        0 -1 12905 -2.1379128098487854e-02</internalNodes>
      <leafValues>
        1.4780682325363159e-01 -6.9135323166847229e-02</leafValues></_>
    <_>
      <internalNodes>
        0 -1 22698 -2.8194887563586235e-02</internalNodes>
      <leafValues>
        -3.0413490533828735e-01 3.6301679909229279e-02</leafValues></_>
    <_>
      <internalNodes>
        0 -1 33796 -5.4082591086626053e-03</internalNodes>
      <leafValues>
        1.5762814879417419e-01 -6.2624834477901459e-02</leafValues></_>
    <_>
      <internalNodes>
        0 -1 33709 7.6167811639606953e-03</internalNodes>
      <leafValues>
        -5.5674422532320023e-02 2.4447371065616608e-01</leafValues></_>
    <_>
      <internalNodes>
        0 -1 27583 -2.7808576822280884e-02</internalNodes>
      <leafValues>
        -3.1158599257469177e-01 3.1570296734571457e-02</leafValues></_>
    <_>
      <internalNodes>
        0 -1 19150 1.4270255342125893e-02</internalNodes>
      <leafValues>
        -6.3734725117683411e-02 1.4891169965267181e-01</leafValues></_>
    <_>
      <internalNodes>
        0 -1 1430 7.2165662422776222e-03</internalNodes>
      <leafValues>
        2.6221016421914101e-02 -3.6663526296615601e-01</leafValues></_>
    <_>
      <internalNodes>
        0 -1 542 -1.1842935055028647e-04</internalNodes>
      <leafValues>
        1.0776626318693161e-01 -8.4980852901935577e-02</leafValues></_>
    <_>
      <internalNodes>
        0 -1 13139 -4.5075640082359314e-02</internalNodes>
      <leafValues>
        2.8667995333671570e-01 -3.2921753823757172e-02</leafValues></_>
    <_>
      <internalNodes>
        0 -1 11 1.5372038818895817e-02</internalNodes>
      <leafValues>
        3.0996792018413544e-02 -3.0158486962318420e-01</leafValues></_>
    <_>
      <internalNodes>
        0 -1 32917 -3.8779620081186295e-04</internalNodes>
      <leafValues>
        -1.7046293616294861e-01 5.3366549313068390e-02</leafValues></_>
    <_>
      <internalNodes>
        0 -1 24974 3.8930396549403667e-03</internalNodes>
      <leafValues>
        -8.6814172565937042e-02 1.0106861591339111e-01</leafValues></_>
    <_>
      <internalNodes>
        0 -1 17795 -3.5442724823951721e-02</internalNodes>
      <leafValues>
        -3.3888915181159973e-01 2.9429256916046143e-02</leafValues></_>
    <_>
      <internalNodes>
        0 -1 994 1.6724795568734407e-04</internalNodes>
      <leafValues>
        -8.4644831717014313e-02 1.0770932585000992e-01</leafValues></_>
    <_>
      <internalNodes>
        0 -1 197 6.3645303249359131e-02</internalNodes>
      <leafValues>
        -4.4418476521968842e-02 2.0316049456596375e-01</leafValues></_>
    <_>
      <internalNodes>
        0 -1 12217 1.9344799220561981e-03</internalNodes>
      <leafValues>
        2.9405172914266586e-02 -2.9824969172477722e-01</leafValues></_>
    <_>
      <internalNodes>
        0 -1 16725 5.2698510698974133e-03</internalNodes>
      <leafValues>
        -7.0962011814117432e-02 1.2835818529129028e-01</leafValues></_>
    <_>
      <internalNodes>
        0 -1 34312 -3.9266457315534353e-04</internalNodes>
      <leafValues>
        7.0243224501609802e-02 -1.1743839830160141e-01</leafValues></_>
    <_>
      <internalNodes>
        0 -1 34011 1.1390870437026024e-02</internalNodes>
      <leafValues>
        3.6882217973470688e-02 -2.1652755141258240e-01</leafValues></_>
    <_>
      <internalNodes>
        0 -1 30476 -3.9755292236804962e-02</internalNodes>
      <leafValues>
        2.2821395099163055e-01 -4.4703118503093719e-02</leafValues></_>
    <_>
      <internalNodes>
        0 -1 7457 -6.2077406793832779e-02</internalNodes>
      <leafValues>
        1.0179326683282852e-01 -8.9897193014621735e-02</leafValues></_>
    <_>
      <internalNodes>
        0 -1 3729 -4.8511801287531853e-04</internalNodes>
      <leafValues>
        -8.8436231017112732e-02 1.0507356375455856e-01</leafValues></_>
    <_>
      <internalNodes>
        0 -1 1650 -9.9230384826660156e-01</internalNodes>
      <leafValues>
        -1.9580054283142090e-01 4.4920746237039566e-02</leafValues></_>
    <_>
      <internalNodes>
        0 -1 14645 1.9871816039085388e-02</internalNodes>
      <leafValues>
        -8.3110824227333069e-02 1.5122368931770325e-01</leafValues></_>
    <_>
      <internalNodes>
        0 -1 30293 -1.2159573379904032e-03</internalNodes>
      <leafValues>
        -2.1862080693244934e-01 3.9051521569490433e-02</leafValues></_>
    <_>
      <internalNodes>
        0 -1 16993 9.6008749678730965e-03</internalNodes>
      <leafValues>
        -5.5301718413829803e-02 1.5496541559696198e-01</leafValues></_>
    <_>
      <internalNodes>
        0 -1 17020 -2.4920547381043434e-02</internalNodes>
      <leafValues>
        1.9746300578117371e-01 -5.5045001208782196e-02</leafValues></_>
    <_>
      <internalNodes>
        0 -1 1817 9.3576218932867050e-03</internalNodes>
      <leafValues>
        1.7665792256593704e-02 -4.2844456434249878e-01</leafValues></_>
    <_>
      <internalNodes>
        0 -1 6968 2.9337961226701736e-02</internalNodes>
      <leafValues>
        2.4306572973728180e-02 -3.2174679636955261e-01</leafValues></_>
    <_>
      <internalNodes>
        0 -1 24785 3.9922073483467102e-03</internalNodes>
      <leafValues>
        1.8556300550699234e-02 -4.2304244637489319e-01</leafValues></_>
    <_>
      <internalNodes>
        0 -1 28210 -1.2025080621242523e-02</internalNodes>
      <leafValues>
        1.7949977517127991e-01 -4.4829912483692169e-02</leafValues></_>
    <_>
      <internalNodes>
        0 -1 35086 3.1061375048011541e-03</internalNodes>
      <leafValues>
        2.0079402253031731e-02 -4.1326698660850525e-01</leafValues></_>
    <_>
      <internalNodes>
        0 -1 34831 -1.0075824684463441e-04</internalNodes>
      <leafValues>
        -9.6414059400558472e-02 7.8529149293899536e-02</leafValues></_>
    <_>
      <internalNodes>
        0 -1 28628 1.3704286538995802e-04</internalNodes>
      <leafValues>
        -7.2619959712028503e-02 1.0754773020744324e-01</leafValues></_>
    <_>
      <internalNodes>
        0 -1 994 -1.3076709001325071e-04</internalNodes>
      <leafValues>
        9.8062291741371155e-02 -7.5244560837745667e-02</leafValues></_>
    <_>
      <internalNodes>
        0 -1 544 1.9834528211504221e-04</internalNodes>
      <leafValues>
        -7.7683165669441223e-02 1.0268829762935638e-01</leafValues></_>
    <_>
      <internalNodes>
        0 -1 12215 4.2898347601294518e-03</internalNodes>
      <leafValues>
        2.0506659522652626e-02 -3.5136660933494568e-01</leafValues></_>
    <_>
      <internalNodes>
        0 -1 32772 8.2537174224853516e-02</internalNodes>
      <leafValues>
        1.5811549499630928e-02 -4.1128525137901306e-01</leafValues></_>
    <_>
      <internalNodes>
        0 -1 31878 -3.2314145937561989e-03</internalNodes>
      <leafValues>
        1.3956515491008759e-01 -5.1021568477153778e-02</leafValues></_>
    <_>
      <internalNodes>
        0 -1 34745 -1.7947477754205465e-03</internalNodes>
      <leafValues>
        7.6670207083225250e-02 -1.0319291055202484e-01</leafValues></_>
    <_>
      <internalNodes>
        0 -1 34101 -1.2675870675593615e-04</internalNodes>
      <leafValues>
        1.0298534482717514e-01 -7.4520878493785858e-02</leafValues></_>
    <_>
      <internalNodes>
        0 -1 12786 -2.7226537466049194e-02</internalNodes>
      <leafValues>
        -3.4617623686790466e-01 2.0522365346550941e-02</leafValues></_>
    <_>
      <internalNodes>
        0 -1 32936 -6.3088620081543922e-03</internalNodes>
      <leafValues>
        2.4729919433593750e-01 -2.9646107926964760e-02</leafValues></_>
    <_>
      <internalNodes>
        0 -1 34739 -5.7664408814162016e-04</internalNodes>
      <leafValues>
        -1.6956403851509094e-01 5.2003219723701477e-02</leafValues></_>
    <_>
      <internalNodes>
        0 -1 17665 3.5063419491052628e-03</internalNodes>
      <leafValues>
        2.2749766707420349e-02 -2.9353314638137817e-01</leafValues></_>
    <_>
      <internalNodes>
        0 -1 19520 -8.4922723472118378e-03</internalNodes>
      <leafValues>
        1.5471230447292328e-01 -4.6073205769062042e-02</leafValues></_>
    <_>
      <internalNodes>
        0 -1 15007 -1.4001319184899330e-02</internalNodes>
      <leafValues>
        -3.8490232825279236e-01 1.9755119457840919e-02</leafValues></_>
    <_>
      <internalNodes>
        0 -1 17607 1.9775656983256340e-03</internalNodes>
      <leafValues>
        2.5222072377800941e-02 -2.6245543360710144e-01</leafValues></_>
    <_>
      <internalNodes>
        0 -1 29511 -1.4561062562279403e-04</internalNodes>
      <leafValues>
        7.7302590012550354e-02 -8.9605852961540222e-02</leafValues></_>
    <_>
      <internalNodes>
        0 -1 3757 -1.3122046948410571e-04</internalNodes>
      <leafValues>
        9.4557754695415497e-02 -7.3220789432525635e-02</leafValues></_></weakClassifiers></stage10>
</opencv_storage>
