<?xml version="1.0"?>
<opencv_storage>
<stage2>
  <maxWeakCount>54</maxWeakCount>
  <stageThreshold>-1.7046953439712524e+00</stageThreshold>
  <weakClassifiers>
    <_>
      <internalNodes>
        0 -1 1650 -7.1792089939117432e-01</internalNodes>
      <leafValues>
        6.0938650369644165e-01 -3.1371659040451050e-01</leafValues></_>
    <_>
      <internalNodes>
        0 -1 34698 -2.6892058667726815e-04</internalNodes>
      <leafValues>
        -5.6233835220336914e-01 2.2106316685676575e-01</leafValues></_>
    <_>
      <internalNodes>
        0 -1 3207 -2.4274585302919149e-04</internalNodes>
      <leafValues>
        -4.8559120297431946e-01 1.8473482131958008e-01</leafValues></_>
    <_>
      <internalNodes>
        0 -1 10214 -1.6564533114433289e-01</internalNodes>
      <leafValues>
        4.2609128355979919e-01 -1.9291384518146515e-01</leafValues></_>
    <_>
      <internalNodes>
        0 -1 35086 3.6334915785118937e-04</internalNodes>
      <leafValues>
        1.7304530739784241e-01 -4.7610858082771301e-01</leafValues></_>
    <_>
      <internalNodes>
        0 -1 30498 3.3011179417371750e-02</internalNodes>
      <leafValues>
        -3.2906576991081238e-01 2.0189025998115540e-01</leafValues></_>
    <_>
      <internalNodes>
        0 -1 35084 -2.2914591245353222e-03</internalNodes>
      <leafValues>
        -5.0375330448150635e-01 1.2896481156349182e-01</leafValues></_>
    <_>
      <internalNodes>
        0 -1 14075 -1.4067840576171875e-01</internalNodes>
      <leafValues>
        4.2238333821296692e-01 -1.0653150081634521e-01</leafValues></_>
    <_>
      <internalNodes>
        0 -1 28064 -8.0517187714576721e-02</internalNodes>
      <leafValues>
        4.2601531744003296e-01 -1.2813208997249603e-01</leafValues></_>
    <_>
      <internalNodes>
        0 -1 35129 1.4413354219868779e-03</internalNodes>
      <leafValues>
        1.1665364354848862e-01 -4.1051214933395386e-01</leafValues></_>
    <_>
      <internalNodes>
        0 -1 9550 -2.7872357517480850e-02</internalNodes>
      <leafValues>
        -6.0749685764312744e-01 3.5320889204740524e-02</leafValues></_>
    <_>
      <internalNodes>
        0 -1 9415 1.2241591699421406e-02</internalNodes>
      <leafValues>
        7.5325116515159607e-02 -4.6187105774879456e-01</leafValues></_>
    <_>
      <internalNodes>
        0 -1 35067 -1.0471735149621964e-02</internalNodes>
      <leafValues>
        -4.6638727188110352e-01 7.4993856251239777e-02</leafValues></_>
    <_>
      <internalNodes>
        0 -1 6738 8.2856401801109314e-02</internalNodes>
      <leafValues>
        -8.5056416690349579e-02 4.0028288960456848e-01</leafValues></_>
    <_>
      <internalNodes>
        0 -1 22912 -5.2175231277942657e-02</internalNodes>
      <leafValues>
        3.2802027463912964e-01 -1.2276315689086914e-01</leafValues></_>
    <_>
      <internalNodes>
        0 -1 24890 8.4219481796026230e-03</internalNodes>
      <leafValues>
        7.6842412352561951e-02 -5.5858695507049561e-01</leafValues></_>
    <_>
      <internalNodes>
        0 -1 26845 -3.9565698243677616e-03</internalNodes>
      <leafValues>
        -5.3142595291137695e-01 4.8627592623233795e-02</leafValues></_>
    <_>
      <internalNodes>
        0 -1 26831 -7.1923271752893925e-04</internalNodes>
      <leafValues>
        -2.8300753235816956e-01 1.1279163509607315e-01</leafValues></_>
    <_>
      <internalNodes>
        0 -1 418 1.4802551269531250e-01</internalNodes>
      <leafValues>
        -1.3937504589557648e-01 1.9523370265960693e-01</leafValues></_>
    <_>
      <internalNodes>
        0 -1 16263 -4.6485271304845810e-02</internalNodes>
      <leafValues>
        4.5478186011314392e-01 -5.5070765316486359e-02</leafValues></_>
    <_>
      <internalNodes>
        0 -1 12332 1.3317126035690308e-01</internalNodes>
      <leafValues>
        -6.1600025743246078e-02 4.4669225811958313e-01</leafValues></_>
    <_>
      <internalNodes>
        0 -1 12760 -9.9047468975186348e-03</internalNodes>
      <leafValues>
        -4.6349960565567017e-01 5.9922944754362106e-02</leafValues></_>
    <_>
      <internalNodes>
        0 -1 15036 6.3113514333963394e-03</internalNodes>
      <leafValues>
        5.5175654590129852e-02 -4.6179988980293274e-01</leafValues></_>
    <_>
      <internalNodes>
        0 -1 35215 -2.5860592722892761e-03</internalNodes>
      <leafValues>
        -4.4192934036254883e-01 5.0680458545684814e-02</leafValues></_>
    <_>
      <internalNodes>
        0 -1 34991 -3.7222303450107574e-02</internalNodes>
      <leafValues>
        -4.5473784208297729e-01 4.3122619390487671e-02</leafValues></_>
    <_>
      <internalNodes>
        0 -1 34594 -5.6442599743604660e-03</internalNodes>
      <leafValues>
        2.5212311744689941e-01 -9.2654637992382050e-02</leafValues></_>
    <_>
      <internalNodes>
        0 -1 24785 1.5068126376718283e-03</internalNodes>
      <leafValues>
        6.7458428442478180e-02 -3.2437682151794434e-01</leafValues></_>
    <_>
      <internalNodes>
        0 -1 24785 -2.1326057612895966e-03</internalNodes>
      <leafValues>
        -4.3077871203422546e-01 6.7436948418617249e-02</leafValues></_>
    <_>
      <internalNodes>
        0 -1 14324 1.8629278987646103e-02</internalNodes>
      <leafValues>
        -7.8861467540264130e-02 2.7088451385498047e-01</leafValues></_>
    <_>
      <internalNodes>
        0 -1 18615 -3.5390722751617432e-01</internalNodes>
      <leafValues>
        5.5337798595428467e-01 -4.1145540773868561e-02</leafValues></_>
    <_>
      <internalNodes>
        0 -1 33978 -7.9562480095773935e-04</internalNodes>
      <leafValues>
        -3.1618079543113708e-01 6.5154552459716797e-02</leafValues></_>
    <_>
      <internalNodes>
        0 -1 28808 -1.1144845746457577e-02</internalNodes>
      <leafValues>
        -4.1784822940826416e-01 4.7027226537466049e-02</leafValues></_>
    <_>
      <internalNodes>
        0 -1 34496 5.6772977113723755e-03</internalNodes>
      <leafValues>
        -8.9905135333538055e-02 2.3470486700534821e-01</leafValues></_>
    <_>
      <internalNodes>
        0 -1 34986 1.0422347113490105e-02</internalNodes>
      <leafValues>
        4.5569915324449539e-02 -3.9903038740158081e-01</leafValues></_>
    <_>
      <internalNodes>
        0 -1 126 1.0334122925996780e-02</internalNodes>
      <leafValues>
        -1.0130063444375992e-01 1.8088528513908386e-01</leafValues></_>
    <_>
      <internalNodes>
        0 -1 3967 -6.9482132792472839e-02</internalNodes>
      <leafValues>
        1.4557912945747375e-01 -1.4753049612045288e-01</leafValues></_>
    <_>
      <internalNodes>
        0 -1 23402 -2.2810991853475571e-02</internalNodes>
      <leafValues>
        -4.5323640108108521e-01 3.8249231874942780e-02</leafValues></_>
    <_>
      <internalNodes>
        0 -1 18050 -2.2786967456340790e-02</internalNodes>
      <leafValues>
        2.9282775521278381e-01 -6.2865726649761200e-02</leafValues></_>
    <_>
      <internalNodes>
        0 -1 34700 -1.7578851839061826e-04</internalNodes>
      <leafValues>
        -1.3162851333618164e-01 1.3315297663211823e-01</leafValues></_>
    <_>
      <internalNodes>
        0 -1 1045 1.6019819304347038e-02</internalNodes>
      <leafValues>
        3.3805154263973236e-02 -5.0248521566390991e-01</leafValues></_>
    <_>
      <internalNodes>
        0 -1 15524 -4.3671742081642151e-02</internalNodes>
      <leafValues>
        3.4487897157669067e-01 -5.4342251271009445e-02</leafValues></_>
    <_>
      <internalNodes>
        0 -1 15184 -1.9486848264932632e-02</internalNodes>
      <leafValues>
        -3.4198278188705444e-01 4.8864681273698807e-02</leafValues></_>
    <_>
      <internalNodes>
        0 -1 26935 -7.0988349616527557e-03</internalNodes>
      <leafValues>
        1.8207262456417084e-01 -8.6336784064769745e-02</leafValues></_>
    <_>
      <internalNodes>
        0 -1 10179 -3.2312944531440735e-02</internalNodes>
      <leafValues>
        3.0922278761863708e-01 -4.9935307353734970e-02</leafValues></_>
    <_>
      <internalNodes>
        0 -1 15808 1.1781986802816391e-02</internalNodes>
      <leafValues>
        -8.1447780132293701e-02 1.9797202944755554e-01</leafValues></_>
    <_>
      <internalNodes>
        0 -1 35111 7.4093593284487724e-03</internalNodes>
      <leafValues>
        3.2593060284852982e-02 -4.8685774207115173e-01</leafValues></_>
    <_>
      <internalNodes>
        0 -1 10356 -1.9566927105188370e-02</internalNodes>
      <leafValues>
        -3.2159149646759033e-01 4.6383392065763474e-02</leafValues></_>
    <_>
      <internalNodes>
        0 -1 26508 1.1513883247971535e-02</internalNodes>
      <leafValues>
        -6.0974851250648499e-02 2.6265606284141541e-01</leafValues></_>
    <_>
      <internalNodes>
        0 -1 8823 1.3984301686286926e-01</internalNodes>
      <leafValues>
        -9.6155561506748199e-02 1.6150259971618652e-01</leafValues></_>
    <_>
      <internalNodes>
        0 -1 1650 -7.1720379590988159e-01</internalNodes>
      <leafValues>
        -2.4575148522853851e-01 8.1651829183101654e-02</leafValues></_>
    <_>
      <internalNodes>
        0 -1 2517 -3.0925709754228592e-02</internalNodes>
      <leafValues>
        1.8552339076995850e-01 -1.0601356625556946e-01</leafValues></_>
    <_>
      <internalNodes>
        0 -1 314 1.9043350219726563e-01</internalNodes>
      <leafValues>
        -5.8240924030542374e-02 2.8094702959060669e-01</leafValues></_>
    <_>
      <internalNodes>
        0 -1 2441 9.0393573045730591e-03</internalNodes>
      <leafValues>
        3.1903196126222610e-02 -5.2941453456878662e-01</leafValues></_>
    <_>
      <internalNodes>
        0 -1 13100 -4.5793242752552032e-03</internalNodes>
      <leafValues>
        -4.1578674316406250e-01 3.2500386238098145e-02</leafValues></_></weakClassifiers></stage2>
</opencv_storage>
