<?xml version="1.0"?>
<opencv_storage>
<stage4>
  <maxWeakCount>97</maxWeakCount>
  <stageThreshold>-1.6813982725143433e+00</stageThreshold>
  <weakClassifiers>
    <_>
      <internalNodes>
        0 -1 10897 -2.2048693895339966e-01</internalNodes>
      <leafValues>
        5.7288235425949097e-01 -2.8743055462837219e-01</leafValues></_>
    <_>
      <internalNodes>
        0 -1 33066 1.4236457645893097e-02</internalNodes>
      <leafValues>
        -3.6509788036346436e-01 2.7400454878807068e-01</leafValues></_>
    <_>
      <internalNodes>
        0 -1 9817 -4.0653683245182037e-02</internalNodes>
      <leafValues>
        2.1277339756488800e-01 -3.7780424952507019e-01</leafValues></_>
    <_>
      <internalNodes>
        0 -1 10422 -6.7577886581420898e-01</internalNodes>
      <leafValues>
        6.4444893598556519e-01 -8.4922313690185547e-02</leafValues></_>
    <_>
      <internalNodes>
        0 -1 34718 -3.7236728239804506e-03</internalNodes>
      <leafValues>
        1.9798162579536438e-01 -2.8017213940620422e-01</leafValues></_>
    <_>
      <internalNodes>
        0 -1 7969 7.4081107974052429e-02</internalNodes>
      <leafValues>
        -1.2089410424232483e-01 4.4291386008262634e-01</leafValues></_>
    <_>
      <internalNodes>
        0 -1 6259 -4.6544257202185690e-04</internalNodes>
      <leafValues>
        -3.8336259126663208e-01 9.7873434424400330e-02</leafValues></_>
    <_>
      <internalNodes>
        0 -1 34670 -1.2737994547933340e-03</internalNodes>
      <leafValues>
        -4.6141260862350464e-01 9.2091217637062073e-02</leafValues></_>
    <_>
      <internalNodes>
        0 -1 10560 -1.3073243200778961e-01</internalNodes>
      <leafValues>
        4.8168662190437317e-01 -1.1089580506086349e-01</leafValues></_>
    <_>
      <internalNodes>
        0 -1 12430 -3.9036531001329422e-02</internalNodes>
      <leafValues>
        1.9461879134178162e-01 -1.6860643029212952e-01</leafValues></_>
    <_>
      <internalNodes>
        0 -1 34224 -1.4011280611157417e-02</internalNodes>
      <leafValues>
        -4.6529713273048401e-01 5.6626193225383759e-02</leafValues></_>
    <_>
      <internalNodes>
        0 -1 16488 1.6229055821895599e-02</internalNodes>
      <leafValues>
        -8.9254736900329590e-02 2.7415001392364502e-01</leafValues></_>
    <_>
      <internalNodes>
        0 -1 34131 1.2962514534592628e-02</internalNodes>
      <leafValues>
        5.7743865996599197e-02 -3.6407637596130371e-01</leafValues></_>
    <_>
      <internalNodes>
        0 -1 177 7.3009049519896507e-03</internalNodes>
      <leafValues>
        -1.1433690041303635e-01 1.8939635157585144e-01</leafValues></_>
    <_>
      <internalNodes>
        0 -1 2217 -1.4446614310145378e-02</internalNodes>
      <leafValues>
        1.7210684716701508e-01 -1.4344607293605804e-01</leafValues></_>
    <_>
      <internalNodes>
        0 -1 30385 -1.4424471184611320e-02</internalNodes>
      <leafValues>
        -6.0447591543197632e-01 4.1619382798671722e-02</leafValues></_>
    <_>
      <internalNodes>
        0 -1 19242 1.7694385722279549e-02</internalNodes>
      <leafValues>
        -8.3413369953632355e-02 2.9872158169746399e-01</leafValues></_>
    <_>
      <internalNodes>
        0 -1 3113 -4.4921922381035984e-04</internalNodes>
      <leafValues>
        -2.2503006458282471e-01 1.0112143307924271e-01</leafValues></_>
    <_>
      <internalNodes>
        0 -1 12229 8.4485467523336411e-03</internalNodes>
      <leafValues>
        3.3628921955823898e-02 -5.8683443069458008e-01</leafValues></_>
    <_>
      <internalNodes>
        0 -1 3730 -3.5235203802585602e-02</internalNodes>
      <leafValues>
        3.1630718708038330e-01 -6.9781519472599030e-02</leafValues></_>
    <_>
      <internalNodes>
        0 -1 33983 1.3407745864242315e-03</internalNodes>
      <leafValues>
        6.2145669013261795e-02 -4.0518718957901001e-01</leafValues></_>
    <_>
      <internalNodes>
        0 -1 2870 2.2922899574041367e-02</internalNodes>
      <leafValues>
        -7.0206165313720703e-02 3.1053009629249573e-01</leafValues></_>
    <_>
      <internalNodes>
        0 -1 12611 1.5466658398509026e-02</internalNodes>
      <leafValues>
        -7.9963237047195435e-02 2.4833989143371582e-01</leafValues></_>
    <_>
      <internalNodes>
        0 -1 2893 6.9660004228353500e-03</internalNodes>
      <leafValues>
        3.7622634321451187e-02 -5.2697163820266724e-01</leafValues></_>
    <_>
      <internalNodes>
        0 -1 22198 1.1845240369439125e-02</internalNodes>
      <leafValues>
        -6.9758705794811249e-02 2.8425937891006470e-01</leafValues></_>
    <_>
      <internalNodes>
        0 -1 18028 8.5303932428359985e-02</internalNodes>
      <leafValues>
        -1.4210240542888641e-01 1.3077767193317413e-01</leafValues></_>
    <_>
      <internalNodes>
        0 -1 35172 9.6985232084989548e-03</internalNodes>
      <leafValues>
        5.0869856029748917e-02 -3.7011352181434631e-01</leafValues></_>
    <_>
      <internalNodes>
        0 -1 30531 8.6915306746959686e-02</internalNodes>
      <leafValues>
        -6.2530286610126495e-02 3.1973230838775635e-01</leafValues></_>
    <_>
      <internalNodes>
        0 -1 28392 -2.3220457136631012e-02</internalNodes>
      <leafValues>
        2.0384307205677032e-01 -1.0513923317193985e-01</leafValues></_>
    <_>
      <internalNodes>
        0 -1 35218 -8.6106976959854364e-04</internalNodes>
      <leafValues>
        -2.8227862715721130e-01 6.7556880414485931e-02</leafValues></_>
    <_>
      <internalNodes>
        0 -1 28207 -1.0747043415904045e-02</internalNodes>
      <leafValues>
        2.9453179240226746e-01 -6.7213006317615509e-02</leafValues></_>
    <_>
      <internalNodes>
        0 -1 26847 2.1355054341256618e-03</internalNodes>
      <leafValues>
        4.2902816087007523e-02 -4.4546723365783691e-01</leafValues></_>
    <_>
      <internalNodes>
        0 -1 24785 1.3082982040941715e-03</internalNodes>
      <leafValues>
        5.3244508802890778e-02 -2.8768134117126465e-01</leafValues></_>
    <_>
      <internalNodes>
        0 -1 24785 -1.4032900799065828e-03</internalNodes>
      <leafValues>
        -2.8462114930152893e-01 6.4286030828952789e-02</leafValues></_>
    <_>
      <internalNodes>
        0 -1 34496 -4.9400851130485535e-03</internalNodes>
      <leafValues>
        1.9301889836788177e-01 -9.2217072844505310e-02</leafValues></_>
    <_>
      <internalNodes>
        0 -1 8867 -8.6905537173151970e-03</internalNodes>
      <leafValues>
        1.5541648864746094e-01 -9.7223639488220215e-02</leafValues></_>
    <_>
      <internalNodes>
        0 -1 35024 -3.0344622209668159e-02</internalNodes>
      <leafValues>
        -3.6028894782066345e-01 4.5355074107646942e-02</leafValues></_>
    <_>
      <internalNodes>
        0 -1 14354 1.9824812188744545e-02</internalNodes>
      <leafValues>
        -7.2564303874969482e-02 2.4667356908321381e-01</leafValues></_>
    <_>
      <internalNodes>
        0 -1 18502 2.1556025370955467e-02</internalNodes>
      <leafValues>
        -7.4758104979991913e-02 2.0358304679393768e-01</leafValues></_>
    <_>
      <internalNodes>
        0 -1 20296 1.4496500371024013e-03</internalNodes>
      <leafValues>
        5.0619080662727356e-02 -3.4077557921409607e-01</leafValues></_>
    <_>
      <internalNodes>
        0 -1 25838 -9.3372967094182968e-03</internalNodes>
      <leafValues>
        2.5157901644706726e-01 -7.1726426482200623e-02</leafValues></_>
    <_>
      <internalNodes>
        0 -1 17670 1.1931774497497827e-04</internalNodes>
      <leafValues>
        -1.3640418648719788e-01 1.2526576220989227e-01</leafValues></_>
    <_>
      <internalNodes>
        0 -1 15024 5.8221124345436692e-04</internalNodes>
      <leafValues>
        7.4766375124454498e-02 -2.1181929111480713e-01</leafValues></_>
    <_>
      <internalNodes>
        0 -1 26746 2.2524252533912659e-02</internalNodes>
      <leafValues>
        -1.3716615736484528e-01 1.1621820926666260e-01</leafValues></_>
    <_>
      <internalNodes>
        0 -1 15024 -8.9755735825747252e-04</internalNodes>
      <leafValues>
        -2.5862592458724976e-01 6.4719915390014648e-02</leafValues></_>
    <_>
      <internalNodes>
        0 -1 9152 2.8859546780586243e-01</internalNodes>
      <leafValues>
        2.3751137778162956e-02 -6.0321563482284546e-01</leafValues></_>
    <_>
      <internalNodes>
        0 -1 21915 -1.0768811218440533e-02</internalNodes>
      <leafValues>
        2.4229152500629425e-01 -6.3979506492614746e-02</leafValues></_>
    <_>
      <internalNodes>
        0 -1 26953 -2.6339584961533546e-02</internalNodes>
      <leafValues>
        -4.6474802494049072e-01 3.1199594959616661e-02</leafValues></_>
    <_>
      <internalNodes>
        0 -1 30078 -1.3933723676018417e-04</internalNodes>
      <leafValues>
        1.1551326513290405e-01 -1.1563207954168320e-01</leafValues></_>
    <_>
      <internalNodes>
        0 -1 35150 3.8644648157060146e-03</internalNodes>
      <leafValues>
        4.4764135032892227e-02 -2.7792748808860779e-01</leafValues></_>
    <_>
      <internalNodes>
        0 -1 33097 -2.1241096779704094e-02</internalNodes>
      <leafValues>
        3.8425502181053162e-01 -3.7068381905555725e-02</leafValues></_>
    <_>
      <internalNodes>
        0 -1 34739 -6.1237084446474910e-04</internalNodes>
      <leafValues>
        -1.9234567880630493e-01 6.8348601460456848e-02</leafValues></_>
    <_>
      <internalNodes>
        0 -1 31780 1.4248371007852256e-04</internalNodes>
      <leafValues>
        -1.2164347618818283e-01 1.0120902210474014e-01</leafValues></_>
    <_>
      <internalNodes>
        0 -1 34739 9.8943023476749659e-04</internalNodes>
      <leafValues>
        5.4655577987432480e-02 -2.5459155440330505e-01</leafValues></_>
    <_>
      <internalNodes>
        0 -1 24889 -6.6656358540058136e-03</internalNodes>
      <leafValues>
        2.5731769204139709e-01 -5.7906374335289001e-02</leafValues></_>
    <_>
      <internalNodes>
        0 -1 20427 -4.1142601519823074e-02</internalNodes>
      <leafValues>
        -3.9900219440460205e-01 3.4547161310911179e-02</leafValues></_>
    <_>
      <internalNodes>
        0 -1 32629 -7.8043173998594284e-03</internalNodes>
      <leafValues>
        2.4184678494930267e-01 -5.4025217890739441e-02</leafValues></_>
    <_>
      <internalNodes>
        0 -1 6205 -9.9401467014104128e-04</internalNodes>
      <leafValues>
        -2.2201088070869446e-01 5.5036500096321106e-02</leafValues></_>
    <_>
      <internalNodes>
        0 -1 1003 -1.3047514483332634e-02</internalNodes>
      <leafValues>
        -2.8948599100112915e-01 4.0067914873361588e-02</leafValues></_>
    <_>
      <internalNodes>
        0 -1 21918 1.4903381466865540e-02</internalNodes>
      <leafValues>
        -3.6026906222105026e-02 3.4441432356834412e-01</leafValues></_>
    <_>
      <internalNodes>
        0 -1 11499 -2.8809107840061188e-02</internalNodes>
      <leafValues>
        2.1501183509826660e-01 -5.0741042941808701e-02</leafValues></_>
    <_>
      <internalNodes>
        0 -1 1473 1.2875495478510857e-02</internalNodes>
      <leafValues>
        3.4940291196107864e-02 -3.7659540772438049e-01</leafValues></_>
    <_>
      <internalNodes>
        0 -1 28452 -1.1493278725538403e-04</internalNodes>
      <leafValues>
        1.1024404317140579e-01 -1.0182192921638489e-01</leafValues></_>
    <_>
      <internalNodes>
        0 -1 29864 2.8924787417054176e-02</internalNodes>
      <leafValues>
        -3.5138081759214401e-02 2.9571792483329773e-01</leafValues></_>
    <_>
      <internalNodes>
        0 -1 28678 1.9827706273645163e-03</internalNodes>
      <leafValues>
        3.6704596132040024e-02 -3.0627897381782532e-01</leafValues></_>
    <_>
      <internalNodes>
        0 -1 18120 5.9135603904724121e-01</internalNodes>
      <leafValues>
        2.1894853562116623e-02 -4.7053158283233643e-01</leafValues></_>
    <_>
      <internalNodes>
        0 -1 32965 1.3202369213104248e-02</internalNodes>
      <leafValues>
        4.5350085943937302e-02 -2.5353413820266724e-01</leafValues></_>
    <_>
      <internalNodes>
        0 -1 9757 2.1804876625537872e-02</internalNodes>
      <leafValues>
        -7.6965972781181335e-02 1.5960614383220673e-01</leafValues></_>
    <_>
      <internalNodes>
        0 -1 20289 -5.7572916150093079e-02</internalNodes>
      <leafValues>
        -6.0342103242874146e-01 1.9817152991890907e-02</leafValues></_>
    <_>
      <internalNodes>
        0 -1 23895 9.7638717852532864e-04</internalNodes>
      <leafValues>
        5.5767338722944260e-02 -2.0048896968364716e-01</leafValues></_>
    <_>
      <internalNodes>
        0 -1 7578 -2.9023883864283562e-02</internalNodes>
      <leafValues>
        2.5097927451133728e-01 -4.6412520110607147e-02</leafValues></_>
    <_>
      <internalNodes>
        0 -1 12190 1.8445255234837532e-02</internalNodes>
      <leafValues>
        -7.4647247791290283e-02 1.4189818501472473e-01</leafValues></_>
    <_>
      <internalNodes>
        0 -1 6100 2.0930629223585129e-02</internalNodes>
      <leafValues>
        -5.7203814387321472e-02 1.9591403007507324e-01</leafValues></_>
    <_>
      <internalNodes>
        0 -1 34749 -1.3510432094335556e-02</internalNodes>
      <leafValues>
        -2.9725155234336853e-01 3.6590848118066788e-02</leafValues></_>
    <_>
      <internalNodes>
        0 -1 34633 1.2726936489343643e-02</internalNodes>
      <leafValues>
        3.0231926590204239e-02 -3.4379312396049500e-01</leafValues></_>
    <_>
      <internalNodes>
        0 -1 33380 -2.7755957096815109e-02</internalNodes>
      <leafValues>
        2.4599927663803101e-01 -4.4142246246337891e-02</leafValues></_>
    <_>
      <internalNodes>
        0 -1 2 1.3150335871614516e-04</internalNodes>
      <leafValues>
        -9.0237691998481750e-02 1.1915695667266846e-01</leafValues></_>
    <_>
      <internalNodes>
        0 -1 12060 1.2058094143867493e-03</internalNodes>
      <leafValues>
        4.9193378537893295e-02 -2.0686691999435425e-01</leafValues></_>
    <_>
      <internalNodes>
        0 -1 17511 -2.7093572542071342e-02</internalNodes>
      <leafValues>
        2.2998201847076416e-01 -4.5618984848260880e-02</leafValues></_>
    <_>
      <internalNodes>
        0 -1 33914 -4.0165171958506107e-03</internalNodes>
      <leafValues>
        1.6139191389083862e-01 -5.8870591223239899e-02</leafValues></_>
    <_>
      <internalNodes>
        0 -1 28678 -1.2993300333619118e-03</internalNodes>
      <leafValues>
        -2.2017176449298859e-01 4.7497551888227463e-02</leafValues></_>
    <_>
      <internalNodes>
        0 -1 2 -1.1519811232574284e-04</internalNodes>
      <leafValues>
        1.1202718317508698e-01 -8.6547084152698517e-02</leafValues></_>
    <_>
      <internalNodes>
        0 -1 22658 7.7853230759501457e-03</internalNodes>
      <leafValues>
        2.9491022229194641e-02 -3.1077149510383606e-01</leafValues></_>
    <_>
      <internalNodes>
        0 -1 20294 -8.8741246145218611e-05</internalNodes>
      <leafValues>
        1.0386237502098083e-01 -8.9144319295883179e-02</leafValues></_>
    <_>
      <internalNodes>
        0 -1 800 1.1771000921726227e-01</internalNodes>
      <leafValues>
        -3.9847057312726974e-02 2.3594763875007629e-01</leafValues></_>
    <_>
      <internalNodes>
        0 -1 4350 -3.8542479276657104e-02</internalNodes>
      <leafValues>
        1.2849007546901703e-01 -8.3002060651779175e-02</leafValues></_>
    <_>
      <internalNodes>
        0 -1 12372 -2.4663869291543961e-02</internalNodes>
      <leafValues>
        -3.8539326190948486e-01 2.5555543601512909e-02</leafValues></_>
    <_>
      <internalNodes>
        0 -1 4168 -4.1625618934631348e-02</internalNodes>
      <leafValues>
        2.4674355983734131e-01 -4.3337225914001465e-02</leafValues></_>
    <_>
      <internalNodes>
        0 -1 1 -1.3561119558289647e-03</internalNodes>
      <leafValues>
        -1.7315930128097534e-01 6.0553073883056641e-02</leafValues></_>
    <_>
      <internalNodes>
        0 -1 6286 -1.5961399767547846e-03</internalNodes>
      <leafValues>
        -1.6556878387928009e-01 6.8878225982189178e-02</leafValues></_>
    <_>
      <internalNodes>
        0 -1 10199 2.2495180368423462e-02</internalNodes>
      <leafValues>
        -5.3931657224893570e-02 1.9042874872684479e-01</leafValues></_>
    <_>
      <internalNodes>
        0 -1 30297 9.4518000259995461e-03</internalNodes>
      <leafValues>
        3.3613622188568115e-02 -3.3129614591598511e-01</leafValues></_>
    <_>
      <internalNodes>
        0 -1 6482 3.4415155649185181e-02</internalNodes>
      <leafValues>
        2.0066050812602043e-02 -4.1117152571678162e-01</leafValues></_>
    <_>
      <internalNodes>
        0 -1 23339 -1.8883442971855402e-03</internalNodes>
      <leafValues>
        -1.5311019122600555e-01 5.4648865014314651e-02</leafValues></_>
    <_>
      <internalNodes>
        0 -1 17264 -2.1044202148914337e-02</internalNodes>
      <leafValues>
        -5.0159412622451782e-01 1.6387350857257843e-02</leafValues></_>
    <_>
      <internalNodes>
        0 -1 14770 8.4763672202825546e-03</internalNodes>
      <leafValues>
        -8.7071582674980164e-02 9.7465030848979950e-02</leafValues></_>
    <_>
      <internalNodes>
        0 -1 3236 -2.1726787090301514e-03</internalNodes>
      <leafValues>
        1.2021695822477341e-01 -7.7293917536735535e-02</leafValues></_></weakClassifiers></stage4>
</opencv_storage>
