<?xml version="1.0"?>
<opencv_storage>
<stage6>
  <maxWeakCount>100</maxWeakCount>
  <stageThreshold>-1.6914762258529663e+00</stageThreshold>
  <weakClassifiers>
    <_>
      <internalNodes>
        0 -1 4922 -3.2655340433120728e-01</internalNodes>
      <leafValues>
        5.2587950229644775e-01 -2.9436537623405457e-01</leafValues></_>
    <_>
      <internalNodes>
        0 -1 10541 -2.0419102907180786e-01</internalNodes>
      <leafValues>
        6.6425949335098267e-01 -6.9048970937728882e-02</leafValues></_>
    <_>
      <internalNodes>
        0 -1 7933 8.5249185562133789e-02</internalNodes>
      <leafValues>
        -1.3268910348415375e-01 4.4367268681526184e-01</leafValues></_>
    <_>
      <internalNodes>
        0 -1 34693 -3.1383559689857066e-04</internalNodes>
      <leafValues>
        -4.3025419116020203e-01 8.5108183324337006e-02</leafValues></_>
    <_>
      <internalNodes>
        0 -1 35105 2.5846097618341446e-02</internalNodes>
      <leafValues>
        -2.5676962733268738e-01 1.4839568734169006e-01</leafValues></_>
    <_>
      <internalNodes>
        0 -1 7948 2.7266129851341248e-02</internalNodes>
      <leafValues>
        -8.4865197539329529e-02 3.9269122481346130e-01</leafValues></_>
    <_>
      <internalNodes>
        0 -1 10928 -3.6063544452190399e-02</internalNodes>
      <leafValues>
        4.0267831087112427e-01 -9.1559275984764099e-02</leafValues></_>
    <_>
      <internalNodes>
        0 -1 14980 3.6353468894958496e-03</internalNodes>
      <leafValues>
        -2.0088282227516174e-01 1.6576743125915527e-01</leafValues></_>
    <_>
      <internalNodes>
        0 -1 35086 6.4079061849042773e-04</internalNodes>
      <leafValues>
        1.0109360516071320e-01 -3.6445918679237366e-01</leafValues></_>
    <_>
      <internalNodes>
        0 -1 12666 2.6872139424085617e-02</internalNodes>
      <leafValues>
        -8.8399499654769897e-02 3.8446262478828430e-01</leafValues></_>
    <_>
      <internalNodes>
        0 -1 6710 -3.2083630561828613e-02</internalNodes>
      <leafValues>
        4.0789794921875000e-01 -6.7616790533065796e-02</leafValues></_>
    <_>
      <internalNodes>
        0 -1 15017 -4.4380530714988708e-02</internalNodes>
      <leafValues>
        -4.9585101008415222e-01 5.9343233704566956e-02</leafValues></_>
    <_>
      <internalNodes>
        0 -1 26980 2.0702965557575226e-02</internalNodes>
      <leafValues>
        4.3358419090509415e-02 -5.1015847921371460e-01</leafValues></_>
    <_>
      <internalNodes>
        0 -1 24826 5.7999808341264725e-03</internalNodes>
      <leafValues>
        4.7691218554973602e-02 -4.4452047348022461e-01</leafValues></_>
    <_>
      <internalNodes>
        0 -1 10906 -4.5997828245162964e-01</internalNodes>
      <leafValues>
        6.0320854187011719e-01 -3.6738209426403046e-02</leafValues></_>
    <_>
      <internalNodes>
        0 -1 17773 2.1678969264030457e-02</internalNodes>
      <leafValues>
        4.1357215493917465e-02 -4.5072552561759949e-01</leafValues></_>
    <_>
      <internalNodes>
        0 -1 3185 -1.8330560997128487e-03</internalNodes>
      <leafValues>
        -2.8793108463287354e-01 7.0217475295066833e-02</leafValues></_>
    <_>
      <internalNodes>
        0 -1 4922 -3.2690447568893433e-01</internalNodes>
      <leafValues>
        -2.4268740415573120e-01 8.6380489170551300e-02</leafValues></_>
    <_>
      <internalNodes>
        0 -1 22071 -2.1693259477615356e-02</internalNodes>
      <leafValues>
        3.5535573959350586e-01 -5.6499477475881577e-02</leafValues></_>
    <_>
      <internalNodes>
        0 -1 34618 1.5662849182263017e-04</internalNodes>
      <leafValues>
        -1.8424981832504272e-01 1.0724188387393951e-01</leafValues></_>
    <_>
      <internalNodes>
        0 -1 22184 6.0688322409987450e-03</internalNodes>
      <leafValues>
        -8.4961786866188049e-02 2.5282219052314758e-01</leafValues></_>
    <_>
      <internalNodes>
        0 -1 33983 -1.2211643625050783e-03</internalNodes>
      <leafValues>
        -3.1212350726127625e-01 5.3581979125738144e-02</leafValues></_>
    <_>
      <internalNodes>
        0 -1 20981 1.2725977227091789e-02</internalNodes>
      <leafValues>
        -7.4458435177803040e-02 2.3341265320777893e-01</leafValues></_>
    <_>
      <internalNodes>
        0 -1 21825 8.5374694317579269e-03</internalNodes>
      <leafValues>
        -7.7684640884399414e-02 2.0580124855041504e-01</leafValues></_>
    <_>
      <internalNodes>
        0 -1 35075 -1.0270132683217525e-02</internalNodes>
      <leafValues>
        -4.3131193518638611e-01 3.9542224258184433e-02</leafValues></_>
    <_>
      <internalNodes>
        0 -1 1386 1.9330840557813644e-02</internalNodes>
      <leafValues>
        -7.8588992357254028e-02 2.0715144276618958e-01</leafValues></_>
    <_>
      <internalNodes>
        0 -1 20934 -2.0457465201616287e-02</internalNodes>
      <leafValues>
        3.1748333573341370e-01 -5.2866760641336441e-02</leafValues></_>
    <_>
      <internalNodes>
        0 -1 13100 3.9356658235192299e-03</internalNodes>
      <leafValues>
        4.2538765817880630e-02 -4.1480278968811035e-01</leafValues></_>
    <_>
      <internalNodes>
        0 -1 19722 -6.0630645602941513e-03</internalNodes>
      <leafValues>
        2.6348254084587097e-01 -6.5698854625225067e-02</leafValues></_>
    <_>
      <internalNodes>
        0 -1 28634 -1.8097528663929552e-04</internalNodes>
      <leafValues>
        9.6054881811141968e-02 -1.6565123200416565e-01</leafValues></_>
    <_>
      <internalNodes>
        0 -1 9602 2.1935217082500458e-02</internalNodes>
      <leafValues>
        4.2966060340404510e-02 -3.5051521658897400e-01</leafValues></_>
    <_>
      <internalNodes>
        0 -1 9550 -1.8144387751817703e-02</internalNodes>
      <leafValues>
        -3.2328656315803528e-01 4.7524075955152512e-02</leafValues></_>
    <_>
      <internalNodes>
        0 -1 33962 -9.8707518191076815e-05</internalNodes>
      <leafValues>
        1.3047374784946442e-01 -1.1741279810667038e-01</leafValues></_>
    <_>
      <internalNodes>
        0 -1 330 1.2174439616501331e-02</internalNodes>
      <leafValues>
        -1.0286648571491241e-01 1.3258007168769836e-01</leafValues></_>
    <_>
      <internalNodes>
        0 -1 34813 1.1469476856291294e-02</internalNodes>
      <leafValues>
        4.5775812119245529e-02 -3.1277066469192505e-01</leafValues></_>
    <_>
      <internalNodes>
        0 -1 34131 -1.8908046185970306e-02</internalNodes>
      <leafValues>
        -3.6422720551490784e-01 3.7184603512287140e-02</leafValues></_>
    <_>
      <internalNodes>
        0 -1 35218 -1.1562155559659004e-03</internalNodes>
      <leafValues>
        -2.8360620141029358e-01 4.5477733016014099e-02</leafValues></_>
    <_>
      <internalNodes>
        0 -1 6099 1.7448913305997849e-02</internalNodes>
      <leafValues>
        -5.9797406196594238e-02 2.2748658061027527e-01</leafValues></_>
    <_>
      <internalNodes>
        0 -1 34550 -8.5656605660915375e-03</internalNodes>
      <leafValues>
        2.0491661131381989e-01 -5.9191316366195679e-02</leafValues></_>
    <_>
      <internalNodes>
        0 -1 8820 1.6334636136889458e-02</internalNodes>
      <leafValues>
        -5.5270668119192123e-02 2.1059748530387878e-01</leafValues></_>
    <_>
      <internalNodes>
        0 -1 16843 6.5670367330312729e-03</internalNodes>
      <leafValues>
        -9.7531922161579132e-02 1.5565241873264313e-01</leafValues></_>
    <_>
      <internalNodes>
        0 -1 31876 1.7505994765087962e-04</internalNodes>
      <leafValues>
        -1.5918929874897003e-01 7.7452436089515686e-02</leafValues></_>
    <_>
      <internalNodes>
        0 -1 31910 5.5634244345128536e-03</internalNodes>
      <leafValues>
        -1.0819908231496811e-01 1.4045408368110657e-01</leafValues></_>
    <_>
      <internalNodes>
        0 -1 35135 -1.1772503785323352e-04</internalNodes>
      <leafValues>
        8.6923241615295410e-02 -1.4190228283405304e-01</leafValues></_>
    <_>
      <internalNodes>
        0 -1 35211 -7.8585995361208916e-03</internalNodes>
      <leafValues>
        -4.5738172531127930e-01 2.5091914460062981e-02</leafValues></_>
    <_>
      <internalNodes>
        0 -1 31784 3.4713651984930038e-03</internalNodes>
      <leafValues>
        2.6680093258619308e-02 -3.9420607686042786e-01</leafValues></_>
    <_>
      <internalNodes>
        0 -1 17269 -5.4712449200451374e-03</internalNodes>
      <leafValues>
        2.5487565994262695e-01 -4.2095523327589035e-02</leafValues></_>
    <_>
      <internalNodes>
        0 -1 17607 2.8272555209696293e-03</internalNodes>
      <leafValues>
        2.7804207056760788e-02 -4.4174119830131531e-01</leafValues></_>
    <_>
      <internalNodes>
        0 -1 1406 -3.6187268793582916e-02</internalNodes>
      <leafValues>
        2.4959509074687958e-01 -4.4931653887033463e-02</leafValues></_>
    <_>
      <internalNodes>
        0 -1 18514 3.5582147538661957e-03</internalNodes>
      <leafValues>
        3.5383649170398712e-02 -3.2285836338996887e-01</leafValues></_>
    <_>
      <internalNodes>
        0 -1 34950 -4.0295831859111786e-02</internalNodes>
      <leafValues>
        -4.0787747502326965e-01 2.4588927626609802e-02</leafValues></_>
    <_>
      <internalNodes>
        0 -1 31724 -1.1178068234585226e-04</internalNodes>
      <leafValues>
        7.6920218765735626e-02 -1.3000433146953583e-01</leafValues></_>
    <_>
      <internalNodes>
        0 -1 21478 -1.3921909034252167e-02</internalNodes>
      <leafValues>
        1.2151613831520081e-01 -9.7768060863018036e-02</leafValues></_>
    <_>
      <internalNodes>
        0 -1 1236 1.2405599653720856e-01</internalNodes>
      <leafValues>
        -4.4290546327829361e-02 2.8755265474319458e-01</leafValues></_>
    <_>
      <internalNodes>
        0 -1 1431 3.2149499747902155e-04</internalNodes>
      <leafValues>
        6.8258076906204224e-02 -1.5948355197906494e-01</leafValues></_>
    <_>
      <internalNodes>
        0 -1 22595 2.0791320130228996e-03</internalNodes>
      <leafValues>
        5.0474796444177628e-02 -1.9439300894737244e-01</leafValues></_>
    <_>
      <internalNodes>
        0 -1 19441 -2.6425115764141083e-02</internalNodes>
      <leafValues>
        2.3805651068687439e-01 -4.3980889022350311e-02</leafValues></_>
    <_>
      <internalNodes>
        0 -1 8611 -3.9354767650365829e-03</internalNodes>
      <leafValues>
        1.5196433663368225e-01 -6.3799701631069183e-02</leafValues></_>
    <_>
      <internalNodes>
        0 -1 23624 -2.0456698257476091e-03</internalNodes>
      <leafValues>
        -2.8384509682655334e-01 3.4630395472049713e-02</leafValues></_>
    <_>
      <internalNodes>
        0 -1 20226 -2.3213181644678116e-02</internalNodes>
      <leafValues>
        2.2175444662570953e-01 -4.2236644774675369e-02</leafValues></_>
    <_>
      <internalNodes>
        0 -1 26832 -3.2517858780920506e-03</internalNodes>
      <leafValues>
        -3.7404105067253113e-01 2.7790371328592300e-02</leafValues></_>
    <_>
      <internalNodes>
        0 -1 29552 -4.8462799168191850e-04</internalNodes>
      <leafValues>
        8.3879187703132629e-02 -1.0837821662425995e-01</leafValues></_>
    <_>
      <internalNodes>
        0 -1 27807 -1.0214203037321568e-02</internalNodes>
      <leafValues>
        1.7684499919414520e-01 -5.5900298058986664e-02</leafValues></_>
    <_>
      <internalNodes>
        0 -1 28022 1.2691313400864601e-02</internalNodes>
      <leafValues>
        -4.4802140444517136e-02 2.6877781748771667e-01</leafValues></_>
    <_>
      <internalNodes>
        0 -1 24785 -2.1749935112893581e-03</internalNodes>
      <leafValues>
        -2.7478075027465820e-01 3.7218026816844940e-02</leafValues></_>
    <_>
      <internalNodes>
        0 -1 10354 2.4809651076793671e-02</internalNodes>
      <leafValues>
        2.4928774684667587e-02 -3.6049088835716248e-01</leafValues></_>
    <_>
      <internalNodes>
        0 -1 5760 -3.0112482607364655e-02</internalNodes>
      <leafValues>
        1.6825138032436371e-01 -5.7704892009496689e-02</leafValues></_>
    <_>
      <internalNodes>
        0 -1 9005 1.4398846542462707e-04</internalNodes>
      <leafValues>
        -8.2644961774349213e-02 1.1066827923059464e-01</leafValues></_>
    <_>
      <internalNodes>
        0 -1 17607 -2.3998338729143143e-03</internalNodes>
      <leafValues>
        -3.2816481590270996e-01 2.7547482401132584e-02</leafValues></_>
    <_>
      <internalNodes>
        0 -1 9825 -4.0211752057075500e-03</internalNodes>
      <leafValues>
        -5.7044982910156250e-01 1.3041106984019279e-02</leafValues></_>
    <_>
      <internalNodes>
        0 -1 9005 -1.0711012873798609e-04</internalNodes>
      <leafValues>
        9.7959809005260468e-02 -8.4683924913406372e-02</leafValues></_>
    <_>
      <internalNodes>
        0 -1 30522 -1.0887385345995426e-02</internalNodes>
      <leafValues>
        1.8807686865329742e-01 -4.2675189673900604e-02</leafValues></_>
    <_>
      <internalNodes>
        0 -1 1 -8.8259775657206774e-04</internalNodes>
      <leafValues>
        -1.4073738455772400e-01 6.2322098761796951e-02</leafValues></_>
    <_>
      <internalNodes>
        0 -1 953 -6.1443001031875610e-02</internalNodes>
      <leafValues>
        3.5980510711669922e-01 -2.5311410427093506e-02</leafValues></_>
    <_>
      <internalNodes>
        0 -1 6418 1.9344367319718003e-04</internalNodes>
      <leafValues>
        -1.0622436553239822e-01 8.4679916501045227e-02</leafValues></_>
    <_>
      <internalNodes>
        0 -1 23624 1.0804815683513880e-03</internalNodes>
      <leafValues>
        4.5698545873165131e-02 -1.8970097601413727e-01</leafValues></_>
    <_>
      <internalNodes>
        0 -1 17534 -3.9253270369954407e-04</internalNodes>
      <leafValues>
        6.6240772604942322e-02 -1.3261824846267700e-01</leafValues></_>
    <_>
      <internalNodes>
        0 -1 16854 1.5267330221831799e-02</internalNodes>
      <leafValues>
        -4.9263887107372284e-02 2.0127223432064056e-01</leafValues></_>
    <_>
      <internalNodes>
        0 -1 33983 1.0508988052606583e-03</internalNodes>
      <leafValues>
        3.8821786642074585e-02 -2.1927708387374878e-01</leafValues></_>
    <_>
      <internalNodes>
        0 -1 30427 1.7974307411350310e-04</internalNodes>
      <leafValues>
        -1.3237647712230682e-01 6.3145235180854797e-02</leafValues></_>
    <_>
      <internalNodes>
        0 -1 34691 -2.0417222753167152e-02</internalNodes>
      <leafValues>
        -2.5403085350990295e-01 3.1901895999908447e-02</leafValues></_>
    <_>
      <internalNodes>
        0 -1 3322 -3.8472493179142475e-03</internalNodes>
      <leafValues>
        1.1469468474388123e-01 -7.1336515247821808e-02</leafValues></_>
    <_>
      <internalNodes>
        0 -1 56 6.4042571466416121e-04</internalNodes>
      <leafValues>
        7.5987599790096283e-02 -1.1831714957952499e-01</leafValues></_>
    <_>
      <internalNodes>
        0 -1 12060 -1.8544921185821295e-03</internalNodes>
      <leafValues>
        -2.7475151419639587e-01 3.0054455623030663e-02</leafValues></_>
    <_>
      <internalNodes>
        0 -1 34387 1.3211552868597209e-04</internalNodes>
      <leafValues>
        -7.6094612479209900e-02 1.0588531196117401e-01</leafValues></_>
    <_>
      <internalNodes>
        0 -1 17570 4.0355557575821877e-03</internalNodes>
      <leafValues>
        -5.7608425617218018e-02 1.3634084165096283e-01</leafValues></_>
    <_>
      <internalNodes>
        0 -1 1117 1.7410647869110107e-01</internalNodes>
      <leafValues>
        2.2641865536570549e-02 -3.5996660590171814e-01</leafValues></_>
    <_>
      <internalNodes>
        0 -1 32879 2.1657843142747879e-02</internalNodes>
      <leafValues>
        2.1210040897130966e-02 -3.5036927461624146e-01</leafValues></_>
    <_>
      <internalNodes>
        0 -1 32524 1.8836628645658493e-02</internalNodes>
      <leafValues>
        -2.5727530941367149e-02 3.0977135896682739e-01</leafValues></_>
    <_>
      <internalNodes>
        0 -1 33962 8.7703505414538085e-05</internalNodes>
      <leafValues>
        -7.6043106615543365e-02 1.0217202454805374e-01</leafValues></_>
    <_>
      <internalNodes>
        0 -1 31428 -1.3532666489481926e-02</internalNodes>
      <leafValues>
        1.1273473501205444e-01 -7.9379953444004059e-02</leafValues></_>
    <_>
      <internalNodes>
        0 -1 17655 2.0140793174505234e-02</internalNodes>
      <leafValues>
        2.8536355122923851e-02 -2.7812764048576355e-01</leafValues></_>
    <_>
      <internalNodes>
        0 -1 1430 7.8406380489468575e-03</internalNodes>
      <leafValues>
        1.8441436812281609e-02 -3.9330187439918518e-01</leafValues></_>
    <_>
      <internalNodes>
        0 -1 12288 9.2484727501869202e-03</internalNodes>
      <leafValues>
        2.6602186262607574e-02 -2.6406016945838928e-01</leafValues></_>
    <_>
      <internalNodes>
        0 -1 18270 7.3814075440168381e-03</internalNodes>
      <leafValues>
        -4.4540483504533768e-02 1.6883763670921326e-01</leafValues></_>
    <_>
      <internalNodes>
        0 -1 35073 -5.7812273735180497e-04</internalNodes>
      <leafValues>
        -1.3528458774089813e-01 5.5336251854896545e-02</leafValues></_>
    <_>
      <internalNodes>
        0 -1 2897 1.3885385124012828e-04</internalNodes>
      <leafValues>
        -1.1123533546924591e-01 6.9248400628566742e-02</leafValues></_>
    <_>
      <internalNodes>
        0 -1 54 2.5237169116735458e-02</internalNodes>
      <leafValues>
        -2.6523683220148087e-02 2.7841189503669739e-01</leafValues></_>
    <_>
      <internalNodes>
        0 -1 18602 -8.3220301894471049e-04</internalNodes>
      <leafValues>
        8.8531084358692169e-02 -7.9694837331771851e-02</leafValues></_>
    <_>
      <internalNodes>
        0 -1 14256 -9.9441558122634888e-02</internalNodes>
      <leafValues>
        -3.8742434978485107e-01 1.8796788528561592e-02</leafValues></_></weakClassifiers></stage6>
</opencv_storage>
