<?xml version="1.0"?>
<opencv_storage>
<stage16>
  <maxWeakCount>100</maxWeakCount>
  <stageThreshold>-1.4763485193252563e+00</stageThreshold>
  <weakClassifiers>
    <_>
      <internalNodes>
        0 -1 7925 -2.2967074811458588e-01</internalNodes>
      <leafValues>
        4.0496736764907837e-01 -1.2617221474647522e-01</leafValues></_>
    <_>
      <internalNodes>
        0 -1 33049 6.7288642749190331e-03</internalNodes>
      <leafValues>
        -2.6611447334289551e-01 1.5470868349075317e-01</leafValues></_>
    <_>
      <internalNodes>
        0 -1 9260 1.5375958173535764e-04</internalNodes>
      <leafValues>
        -2.2712957859039307e-01 1.0742255300283432e-01</leafValues></_>
    <_>
      <internalNodes>
        0 -1 35086 -1.8785291467793286e-04</internalNodes>
      <leafValues>
        1.0777637362480164e-01 -1.9570724666118622e-01</leafValues></_>
    <_>
      <internalNodes>
        0 -1 2331 -1.6838771104812622e-01</internalNodes>
      <leafValues>
        1.4207515120506287e-01 -1.2830245494842529e-01</leafValues></_>
    <_>
      <internalNodes>
        0 -1 22567 1.5331628965213895e-03</internalNodes>
      <leafValues>
        2.0155912265181541e-02 -3.7576484680175781e-01</leafValues></_>
    <_>
      <internalNodes>
        0 -1 6363 -2.5446143001317978e-02</internalNodes>
      <leafValues>
        2.1275573968887329e-01 -6.9404035806655884e-02</leafValues></_>
    <_>
      <internalNodes>
        0 -1 3717 1.9897872582077980e-02</internalNodes>
      <leafValues>
        -9.1842509806156158e-02 1.9108180701732635e-01</leafValues></_>
    <_>
      <internalNodes>
        0 -1 33983 -1.8145283684134483e-03</internalNodes>
      <leafValues>
        -3.9578506350517273e-01 6.4202882349491119e-02</leafValues></_>
    <_>
      <internalNodes>
        0 -1 33626 -7.3642437346279621e-03</internalNodes>
      <leafValues>
        7.4809066951274872e-02 -1.7910178005695343e-01</leafValues></_>
    <_>
      <internalNodes>
        0 -1 15338 -1.2373466044664383e-02</internalNodes>
      <leafValues>
        2.1870960295200348e-01 -5.5255323648452759e-02</leafValues></_>
    <_>
      <internalNodes>
        0 -1 997 6.4655756577849388e-03</internalNodes>
      <leafValues>
        2.4232843890786171e-02 -4.6750953793525696e-01</leafValues></_>
    <_>
      <internalNodes>
        0 -1 13032 -3.1155705451965332e-01</internalNodes>
      <leafValues>
        3.3744210004806519e-01 -4.3742537498474121e-02</leafValues></_>
    <_>
      <internalNodes>
        0 -1 19531 1.7936027143150568e-04</internalNodes>
      <leafValues>
        -1.3453222811222076e-01 1.1239073425531387e-01</leafValues></_>
    <_>
      <internalNodes>
        0 -1 34224 9.4050019979476929e-03</internalNodes>
      <leafValues>
        4.7442663460969925e-02 -3.1750509142875671e-01</leafValues></_>
    <_>
      <internalNodes>
        0 -1 9263 -1.7809444107115269e-03</internalNodes>
      <leafValues>
        -3.2440146803855896e-01 3.6681413650512695e-02</leafValues></_>
    <_>
      <internalNodes>
        0 -1 24798 -1.4363224909175187e-04</internalNodes>
      <leafValues>
        1.1670465022325516e-01 -1.0307276993989944e-01</leafValues></_>
    <_>
      <internalNodes>
        0 -1 34739 1.4311640989035368e-03</internalNodes>
      <leafValues>
        3.2622195780277252e-02 -3.2523748278617859e-01</leafValues></_>
    <_>
      <internalNodes>
        0 -1 28714 -1.3659385149367154e-04</internalNodes>
      <leafValues>
        1.0765689611434937e-01 -1.0668712109327316e-01</leafValues></_>
    <_>
      <internalNodes>
        0 -1 27083 6.7792660556733608e-03</internalNodes>
      <leafValues>
        -8.2085423171520233e-02 1.6067124903202057e-01</leafValues></_>
    <_>
      <internalNodes>
        0 -1 34217 -1.4069017197471112e-04</internalNodes>
      <leafValues>
        1.2005536258220673e-01 -1.0158070921897888e-01</leafValues></_>
    <_>
      <internalNodes>
        0 -1 19744 -4.2904056608676910e-02</internalNodes>
      <leafValues>
        1.7815341055393219e-01 -6.0763422399759293e-02</leafValues></_>
    <_>
      <internalNodes>
        0 -1 35115 -1.1805185349658132e-03</internalNodes>
      <leafValues>
        7.6916009187698364e-02 -1.4775967597961426e-01</leafValues></_>
    <_>
      <internalNodes>
        0 -1 34863 -7.7136000618338585e-04</internalNodes>
      <leafValues>
        -2.1162080764770508e-01 5.7795509696006775e-02</leafValues></_>
    <_>
      <internalNodes>
        0 -1 20530 1.7023976892232895e-02</internalNodes>
      <leafValues>
        -6.8243972957134247e-02 1.8927681446075439e-01</leafValues></_>
    <_>
      <internalNodes>
        0 -1 22971 -1.3872592244297266e-03</internalNodes>
      <leafValues>
        -2.6253372430801392e-01 3.9769414812326431e-02</leafValues></_>
    <_>
      <internalNodes>
        0 -1 4159 -5.8286894112825394e-02</internalNodes>
      <leafValues>
        2.5032663345336914e-01 -4.1720103472471237e-02</leafValues></_>
    <_>
      <internalNodes>
        0 -1 10649 -3.3596400171518326e-02</internalNodes>
      <leafValues>
        2.3505324125289917e-01 -4.4747926294803619e-02</leafValues></_>
    <_>
      <internalNodes>
        0 -1 9825 -2.1002485882490873e-03</internalNodes>
      <leafValues>
        -3.6772084236145020e-01 2.7895608916878700e-02</leafValues></_>
    <_>
      <internalNodes>
        0 -1 25778 -4.2019598186016083e-03</internalNodes>
      <leafValues>
        -3.7362691760063171e-01 2.5755623355507851e-02</leafValues></_>
    <_>
      <internalNodes>
        0 -1 27548 -1.3283295556902885e-02</internalNodes>
      <leafValues>
        2.1323916316032410e-01 -5.2895911037921906e-02</leafValues></_>
    <_>
      <internalNodes>
        0 -1 1817 7.6528652571141720e-03</internalNodes>
      <leafValues>
        2.5258392095565796e-02 -3.9300778508186340e-01</leafValues></_>
    <_>
      <internalNodes>
        0 -1 22294 -7.7022970654070377e-03</internalNodes>
      <leafValues>
        1.1866235733032227e-01 -7.8376822173595428e-02</leafValues></_>
    <_>
      <internalNodes>
        0 -1 34642 -1.2578831985592842e-02</internalNodes>
      <leafValues>
        -4.0047398209571838e-01 2.4193938821554184e-02</leafValues></_>
    <_>
      <internalNodes>
        0 -1 31740 -7.5233485549688339e-03</internalNodes>
      <leafValues>
        1.1598434299230576e-01 -7.5661450624465942e-02</leafValues></_>
    <_>
      <internalNodes>
        0 -1 29999 -8.0192163586616516e-03</internalNodes>
      <leafValues>
        1.5801705420017242e-01 -6.0061272233724594e-02</leafValues></_>
    <_>
      <internalNodes>
        0 -1 996 1.3969441351946443e-04</internalNodes>
      <leafValues>
        -8.3152785897254944e-02 1.0502690076828003e-01</leafValues></_>
    <_>
      <internalNodes>
        0 -1 9415 1.4496011659502983e-02</internalNodes>
      <leafValues>
        2.8986230492591858e-02 -3.6215829849243164e-01</leafValues></_>
    <_>
      <internalNodes>
        0 -1 12235 4.3550301343202591e-03</internalNodes>
      <leafValues>
        -7.6202824711799622e-02 1.1367956548929214e-01</leafValues></_>
    <_>
      <internalNodes>
        0 -1 13503 7.2121652774512768e-03</internalNodes>
      <leafValues>
        -7.5276531279087067e-02 1.3650083541870117e-01</leafValues></_>
    <_>
      <internalNodes>
        0 -1 6205 1.6691084019839764e-03</internalNodes>
      <leafValues>
        3.7439413368701935e-02 -2.3547656834125519e-01</leafValues></_>
    <_>
      <internalNodes>
        0 -1 34921 -7.3752301977947354e-04</internalNodes>
      <leafValues>
        8.2576051354408264e-02 -1.0477322340011597e-01</leafValues></_>
    <_>
      <internalNodes>
        0 -1 22139 -1.5010515227913857e-02</internalNodes>
      <leafValues>
        1.1267589032649994e-01 -8.1221744418144226e-02</leafValues></_>
    <_>
      <internalNodes>
        0 -1 24751 -1.7560640117153525e-03</internalNodes>
      <leafValues>
        -2.3310898244380951e-01 4.5577749609947205e-02</leafValues></_>
    <_>
      <internalNodes>
        0 -1 22503 -9.0956948697566986e-03</internalNodes>
      <leafValues>
        1.7561568319797516e-01 -6.2548846006393433e-02</leafValues></_>
    <_>
      <internalNodes>
        0 -1 27850 -1.1766254156827927e-01</internalNodes>
      <leafValues>
        3.9039102196693420e-01 -2.2871972993016243e-02</leafValues></_>
    <_>
      <internalNodes>
        0 -1 35166 -1.1384674871806055e-04</internalNodes>
      <leafValues>
        9.7657516598701477e-02 -8.9823350310325623e-02</leafValues></_>
    <_>
      <internalNodes>
        0 -1 35181 3.0442294664680958e-03</internalNodes>
      <leafValues>
        3.5176075994968414e-02 -2.4602030217647552e-01</leafValues></_>
    <_>
      <internalNodes>
        0 -1 31793 -1.1063043028116226e-02</internalNodes>
      <leafValues>
        1.8817356228828430e-01 -4.4695522636175156e-02</leafValues></_>
    <_>
      <internalNodes>
        0 -1 33121 2.3468884173780680e-03</internalNodes>
      <leafValues>
        2.2291466593742371e-02 -4.1793736815452576e-01</leafValues></_>
    <_>
      <internalNodes>
        0 -1 12217 -1.1261561885476112e-03</internalNodes>
      <leafValues>
        -2.0924675464630127e-01 3.9687216281890869e-02</leafValues></_>
    <_>
      <internalNodes>
        0 -1 7948 -3.4460231661796570e-02</internalNodes>
      <leafValues>
        2.2410154342651367e-01 -3.7463668733835220e-02</leafValues></_>
    <_>
      <internalNodes>
        0 -1 14953 -2.0570821652654558e-04</internalNodes>
      <leafValues>
        -1.8039450049400330e-01 4.9433518201112747e-02</leafValues></_>
    <_>
      <internalNodes>
        0 -1 35111 -7.6412614434957504e-03</internalNodes>
      <leafValues>
        -3.6329287290573120e-01 1.9968528300523758e-02</leafValues></_>
    <_>
      <internalNodes>
        0 -1 35142 -3.3828519284725189e-02</internalNodes>
      <leafValues>
        -2.6715454459190369e-01 2.7610659599304199e-02</leafValues></_>
    <_>
      <internalNodes>
        0 -1 21616 1.7113462090492249e-02</internalNodes>
      <leafValues>
        -5.5861931294202805e-02 1.3837471604347229e-01</leafValues></_>
    <_>
      <internalNodes>
        0 -1 28704 -1.4577218098565936e-04</internalNodes>
      <leafValues>
        9.1617248952388763e-02 -8.6142137646675110e-02</leafValues></_>
    <_>
      <internalNodes>
        0 -1 28704 1.5552400145679712e-04</internalNodes>
      <leafValues>
        -7.9622797667980194e-02 1.1303153634071350e-01</leafValues></_>
    <_>
      <internalNodes>
        0 -1 33152 1.2494314461946487e-02</internalNodes>
      <leafValues>
        3.5789538174867630e-02 -2.2001501917839050e-01</leafValues></_>
    <_>
      <internalNodes>
        0 -1 24015 -5.5373296141624451e-02</internalNodes>
      <leafValues>
        -3.6406981945037842e-01 2.1812368184328079e-02</leafValues></_>
    <_>
      <internalNodes>
        0 -1 15017 -6.0074105858802795e-02</internalNodes>
      <leafValues>
        -4.8395282030105591e-01 1.4642852358520031e-02</leafValues></_>
    <_>
      <internalNodes>
        0 -1 30505 -3.7205703556537628e-02</internalNodes>
      <leafValues>
        2.2171317040920258e-01 -3.4395001828670502e-02</leafValues></_>
    <_>
      <internalNodes>
        0 -1 34080 -1.0756805539131165e-02</internalNodes>
      <leafValues>
        2.6241222023963928e-01 -2.8383692726492882e-02</leafValues></_>
    <_>
      <internalNodes>
        0 -1 27272 9.7136683762073517e-03</internalNodes>
      <leafValues>
        2.1159708499908447e-02 -4.4149175286293030e-01</leafValues></_>
    <_>
      <internalNodes>
        0 -1 20520 4.6926196664571762e-03</internalNodes>
      <leafValues>
        -9.0241558849811554e-02 9.3603827059268951e-02</leafValues></_>
    <_>
      <internalNodes>
        0 -1 22969 -1.6405365022365004e-04</internalNodes>
      <leafValues>
        1.1452782154083252e-01 -7.7903047204017639e-02</leafValues></_>
    <_>
      <internalNodes>
        0 -1 12217 1.3854963472113013e-03</internalNodes>
      <leafValues>
        3.1037010252475739e-02 -2.4719215929508209e-01</leafValues></_>
    <_>
      <internalNodes>
        0 -1 22569 1.4353667211253196e-04</internalNodes>
      <leafValues>
        -7.0124715566635132e-02 1.0186785459518433e-01</leafValues></_>
    <_>
      <internalNodes>
        0 -1 22569 -1.5008932678028941e-04</internalNodes>
      <leafValues>
        9.2622123658657074e-02 -7.7394433319568634e-02</leafValues></_>
    <_>
      <internalNodes>
        0 -1 12589 6.6303461790084839e-01</internalNodes>
      <leafValues>
        1.1231931857764721e-02 -6.0175073146820068e-01</leafValues></_>
    <_>
      <internalNodes>
        0 -1 22616 -9.4079095870256424e-03</internalNodes>
      <leafValues>
        -2.9431587457656860e-01 2.4011066183447838e-02</leafValues></_>
    <_>
      <internalNodes>
        0 -1 5020 -1.9588269293308258e-02</internalNodes>
      <leafValues>
        9.2475421726703644e-02 -7.7961929142475128e-02</leafValues></_>
    <_>
      <internalNodes>
        0 -1 360 1.9732058048248291e-01</internalNodes>
      <leafValues>
        -6.0813918709754944e-02 1.6963407397270203e-01</leafValues></_>
    <_>
      <internalNodes>
        0 -1 32922 -4.4356306898407638e-04</internalNodes>
      <leafValues>
        -1.6049337387084961e-01 4.6496924012899399e-02</leafValues></_>
    <_>
      <internalNodes>
        0 -1 35074 2.0287702791392803e-03</internalNodes>
      <leafValues>
        -3.9339695125818253e-02 1.9980832934379578e-01</leafValues></_>
    <_>
      <internalNodes>
        0 -1 20287 -8.8628791272640228e-03</internalNodes>
      <leafValues>
        1.0251526534557343e-01 -7.3917284607887268e-02</leafValues></_>
    <_>
      <internalNodes>
        0 -1 26834 -4.5349504798650742e-03</internalNodes>
      <leafValues>
        -3.1462067365646362e-01 2.5313738733530045e-02</leafValues></_>
    <_>
      <internalNodes>
        0 -1 32624 -5.0449006259441376e-02</internalNodes>
      <leafValues>
        5.3684198856353760e-01 -1.4073493890464306e-02</leafValues></_>
    <_>
      <internalNodes>
        0 -1 33940 9.1929896734654903e-04</internalNodes>
      <leafValues>
        4.4528119266033173e-02 -1.7258848249912262e-01</leafValues></_>
    <_>
      <internalNodes>
        0 -1 33860 -3.7679667584598064e-03</internalNodes>
      <leafValues>
        1.3669784367084503e-01 -5.8479551225900650e-02</leafValues></_>
    <_>
      <internalNodes>
        0 -1 33796 5.5369157344102859e-03</internalNodes>
      <leafValues>
        -5.1680915057659149e-02 1.5456870198249817e-01</leafValues></_>
    <_>
      <internalNodes>
        0 -1 14149 1.4989277347922325e-02</internalNodes>
      <leafValues>
        -4.0427964180707932e-02 1.7200064659118652e-01</leafValues></_>
    <_>
      <internalNodes>
        0 -1 20015 3.2928582280874252e-02</internalNodes>
      <leafValues>
        -8.7388083338737488e-02 8.8506162166595459e-02</leafValues></_>
    <_>
      <internalNodes>
        0 -1 13549 -2.4406701326370239e-02</internalNodes>
      <leafValues>
        -4.0249946713447571e-01 1.7232790589332581e-02</leafValues></_>
    <_>
      <internalNodes>
        0 -1 8813 1.4454128220677376e-02</internalNodes>
      <leafValues>
        -4.5964192599058151e-02 1.6235923767089844e-01</leafValues></_>
    <_>
      <internalNodes>
        0 -1 6590 -5.8391606435179710e-03</internalNodes>
      <leafValues>
        -1.5327507257461548e-01 5.0403688102960587e-02</leafValues></_>
    <_>
      <internalNodes>
        0 -1 1096 -1.4046980068087578e-02</internalNodes>
      <leafValues>
        1.6288323700428009e-01 -5.1615342497825623e-02</leafValues></_>
    <_>
      <internalNodes>
        0 -1 1100 1.7128892242908478e-02</internalNodes>
      <leafValues>
        -5.7194530963897705e-02 1.2751324474811554e-01</leafValues></_>
    <_>
      <internalNodes>
        0 -1 25169 1.7421634402126074e-04</internalNodes>
      <leafValues>
        -7.5929693877696991e-02 1.0021233558654785e-01</leafValues></_>
    <_>
      <internalNodes>
        0 -1 26845 1.8720281077548862e-03</internalNodes>
      <leafValues>
        3.4901753067970276e-02 -2.3376786708831787e-01</leafValues></_>
    <_>
      <internalNodes>
        0 -1 3806 1.4291619881987572e-03</internalNodes>
      <leafValues>
        5.9278748929500580e-02 -1.2346277385950089e-01</leafValues></_>
    <_>
      <internalNodes>
        0 -1 14324 2.3268200457096100e-02</internalNodes>
      <leafValues>
        -4.2121406644582748e-02 1.7833232879638672e-01</leafValues></_>
    <_>
      <internalNodes>
        0 -1 17032 -3.0813295394182205e-02</internalNodes>
      <leafValues>
        1.7588488757610321e-01 -4.7746229916810989e-02</leafValues></_>
    <_>
      <internalNodes>
        0 -1 35215 -1.8747809808701277e-03</internalNodes>
      <leafValues>
        -2.5432336330413818e-01 2.6666382327675819e-02</leafValues></_>
    <_>
      <internalNodes>
        0 -1 13824 8.8749156566336751e-04</internalNodes>
      <leafValues>
        4.0417551994323730e-02 -1.6437506675720215e-01</leafValues></_>
    <_>
      <internalNodes>
        0 -1 23897 -1.3995482004247606e-04</internalNodes>
      <leafValues>
        8.3316154778003693e-02 -8.2847788929939270e-02</leafValues></_>
    <_>
      <internalNodes>
        0 -1 23895 -1.1621059384196997e-03</internalNodes>
      <leafValues>
        -1.5910062193870544e-01 4.7502372413873672e-02</leafValues></_>
    <_>
      <internalNodes>
        0 -1 21637 -1.2357599916867912e-04</internalNodes>
      <leafValues>
        8.6154550313949585e-02 -8.1558756530284882e-02</leafValues></_>
    <_>
      <internalNodes>
        0 -1 185 1.4706077054142952e-02</internalNodes>
      <leafValues>
        -6.7226208746433258e-02 1.0805515199899673e-01</leafValues></_>
    <_>
      <internalNodes>
        0 -1 189 -3.2412648200988770e-02</internalNodes>
      <leafValues>
        1.2721899151802063e-01 -5.4231535643339157e-02</leafValues></_></weakClassifiers></stage16>
</opencv_storage>
