<?xml version="1.0"?>
<opencv_storage>
<stage0>
  <maxWeakCount>15</maxWeakCount>
  <stageThreshold>-1.6744164228439331e+00</stageThreshold>
  <weakClassifiers>
    <_>
      <internalNodes>
        0 -1 485 7.0177167654037476e-02</internalNodes>
      <leafValues>
        -5.0432622432708740e-01 5.9971541166305542e-01</leafValues></_>
    <_>
      <internalNodes>
        0 -1 32884 8.8270513515453786e-05</internalNodes>
      <leafValues>
        -4.9600005149841309e-01 3.6152178049087524e-01</leafValues></_>
    <_>
      <internalNodes>
        0 -1 11751 8.4175705909729004e-02</internalNodes>
      <leafValues>
        -3.0746325850486755e-01 5.3600156307220459e-01</leafValues></_>
    <_>
      <internalNodes>
        0 -1 8045 -8.1597681855782866e-05</internalNodes>
      <leafValues>
        2.7357456088066101e-01 -4.8141354322433472e-01</leafValues></_>
    <_>
      <internalNodes>
        0 -1 21 6.8087298423051834e-03</internalNodes>
      <leafValues>
        -3.9131632447242737e-01 3.3096224069595337e-01</leafValues></_>
    <_>
      <internalNodes>
        0 -1 7644 -6.3326939940452576e-02</internalNodes>
      <leafValues>
        7.5619226694107056e-01 -1.9888381659984589e-01</leafValues></_>
    <_>
      <internalNodes>
        0 -1 14806 3.6443233489990234e-02</internalNodes>
      <leafValues>
        -1.3950079679489136e-01 7.0993739366531372e-01</leafValues></_>
    <_>
      <internalNodes>
        0 -1 33015 8.3511695265769958e-03</internalNodes>
      <leafValues>
        1.8325711786746979e-01 -5.2494567632675171e-01</leafValues></_>
    <_>
      <internalNodes>
        0 -1 7781 -6.2273826450109482e-02</internalNodes>
      <leafValues>
        7.1988838911056519e-01 -1.1102824658155441e-01</leafValues></_>
    <_>
      <internalNodes>
        0 -1 11082 -4.4477894902229309e-02</internalNodes>
      <leafValues>
        6.5786057710647583e-01 -1.4661221206188202e-01</leafValues></_>
    <_>
      <internalNodes>
        0 -1 14237 -3.3607512712478638e-02</internalNodes>
      <leafValues>
        5.8177536725997925e-01 -1.0961120575666428e-01</leafValues></_>
    <_>
      <internalNodes>
        0 -1 22 -1.1235116107854992e-04</internalNodes>
      <leafValues>
        2.4736058712005615e-01 -2.3686523735523224e-01</leafValues></_>
    <_>
      <internalNodes>
        0 -1 24417 -4.9482709728181362e-03</internalNodes>
      <leafValues>
        -6.7109107971191406e-01 9.1949738562107086e-02</leafValues></_>
    <_>
      <internalNodes>
        0 -1 24417 4.7189593315124512e-03</internalNodes>
      <leafValues>
        8.6400985717773438e-02 -6.1253923177719116e-01</leafValues></_>
    <_>
      <internalNodes>
        0 -1 207 1.3773892819881439e-01</internalNodes>
      <leafValues>
        -1.1950770765542984e-01 4.9701851606369019e-01</leafValues></_></weakClassifiers></stage0>
</opencv_storage>
