<?xml version="1.0"?>
<opencv_storage>
<stage5>
  <maxWeakCount>95</maxWeakCount>
  <stageThreshold>-1.6358824968338013e+00</stageThreshold>
  <weakClassifiers>
    <_>
      <internalNodes>
        0 -1 11586 -1.5422402066178620e-04</internalNodes>
      <leafValues>
        1.4718173444271088e-01 -4.6550109982490540e-01</leafValues></_>
    <_>
      <internalNodes>
        0 -1 32136 -1.5252620505634695e-04</internalNodes>
      <leafValues>
        1.4461509883403778e-01 -4.0154957771301270e-01</leafValues></_>
    <_>
      <internalNodes>
        0 -1 11751 6.7340597510337830e-02</internalNodes>
      <leafValues>
        -2.0246838033199310e-01 2.9525801539421082e-01</leafValues></_>
    <_>
      <internalNodes>
        0 -1 1182 -1.1137522757053375e-02</internalNodes>
      <leafValues>
        1.1718571186065674e-01 -4.3626219034194946e-01</leafValues></_>
    <_>
      <internalNodes>
        0 -1 18374 -3.9644446223974228e-02</internalNodes>
      <leafValues>
        5.4504209756851196e-01 -8.1222414970397949e-02</leafValues></_>
    <_>
      <internalNodes>
        0 -1 18374 3.1893916428089142e-02</internalNodes>
      <leafValues>
        -1.5970872342586517e-01 5.3045237064361572e-01</leafValues></_>
    <_>
      <internalNodes>
        0 -1 29168 8.7023209780454636e-03</internalNodes>
      <leafValues>
        -1.8435512483119965e-01 2.4816347658634186e-01</leafValues></_>
    <_>
      <internalNodes>
        0 -1 13738 -4.4399924576282501e-02</internalNodes>
      <leafValues>
        4.5035469532012939e-01 -1.1091830581426620e-01</leafValues></_>
    <_>
      <internalNodes>
        0 -1 12023 7.2394320741295815e-03</internalNodes>
      <leafValues>
        9.6625462174415588e-02 -4.5067045092582703e-01</leafValues></_>
    <_>
      <internalNodes>
        0 -1 9 5.3968601860105991e-03</internalNodes>
      <leafValues>
        -2.3043616116046906e-01 1.5903009474277496e-01</leafValues></_>
    <_>
      <internalNodes>
        0 -1 15027 5.4569877684116364e-02</internalNodes>
      <leafValues>
        -5.4904554039239883e-02 5.4580622911453247e-01</leafValues></_>
    <_>
      <internalNodes>
        0 -1 7643 3.4246236085891724e-02</internalNodes>
      <leafValues>
        -1.0292152315378189e-01 3.4355697035789490e-01</leafValues></_>
    <_>
      <internalNodes>
        0 -1 30045 5.2790794521570206e-02</internalNodes>
      <leafValues>
        6.3455149531364441e-02 -4.9696266651153564e-01</leafValues></_>
    <_>
      <internalNodes>
        0 -1 15387 1.4825612306594849e-01</internalNodes>
      <leafValues>
        -9.3274421989917755e-02 3.4856030344963074e-01</leafValues></_>
    <_>
      <internalNodes>
        0 -1 4159 6.6186666488647461e-02</internalNodes>
      <leafValues>
        -1.1346919089555740e-01 3.6790916323661804e-01</leafValues></_>
    <_>
      <internalNodes>
        0 -1 7649 -6.1435829848051071e-02</internalNodes>
      <leafValues>
        4.3845552206039429e-01 -7.4448354542255402e-02</leafValues></_>
    <_>
      <internalNodes>
        0 -1 20680 -3.6039531230926514e-02</internalNodes>
      <leafValues>
        2.2233465313911438e-01 -1.1344660073518753e-01</leafValues></_>
    <_>
      <internalNodes>
        0 -1 31076 -2.1877989172935486e-02</internalNodes>
      <leafValues>
        -5.0926256179809570e-01 4.3892938643693924e-02</leafValues></_>
    <_>
      <internalNodes>
        0 -1 15096 2.4506490677595139e-02</internalNodes>
      <leafValues>
        -8.6828455328941345e-02 2.7046304941177368e-01</leafValues></_>
    <_>
      <internalNodes>
        0 -1 15303 1.0741030424833298e-01</internalNodes>
      <leafValues>
        -6.7785732448101044e-02 3.6410978436470032e-01</leafValues></_>
    <_>
      <internalNodes>
        0 -1 11723 -4.0213145315647125e-02</internalNodes>
      <leafValues>
        2.9633122682571411e-01 -9.6415758132934570e-02</leafValues></_>
    <_>
      <internalNodes>
        0 -1 32884 1.1243826011195779e-03</internalNodes>
      <leafValues>
        -1.9676077365875244e-01 1.3101819157600403e-01</leafValues></_>
    <_>
      <internalNodes>
        0 -1 11075 -5.8046791702508926e-02</internalNodes>
      <leafValues>
        4.2839726805686951e-01 -5.6612592190504074e-02</leafValues></_>
    <_>
      <internalNodes>
        0 -1 21939 1.4775755815207958e-02</internalNodes>
      <leafValues>
        5.4855555295944214e-02 -5.0243467092514038e-01</leafValues></_>
    <_>
      <internalNodes>
        0 -1 11703 4.8052422702312469e-02</internalNodes>
      <leafValues>
        -9.6651688218116760e-02 2.7014675736427307e-01</leafValues></_>
    <_>
      <internalNodes>
        0 -1 24664 -1.4110160060226917e-02</internalNodes>
      <leafValues>
        -4.9567729234695435e-01 5.1893725991249084e-02</leafValues></_>
    <_>
      <internalNodes>
        0 -1 32363 1.4586137607693672e-02</internalNodes>
      <leafValues>
        -9.1553635895252228e-02 2.4382747709751129e-01</leafValues></_>
    <_>
      <internalNodes>
        0 -1 15252 1.9482746720314026e-02</internalNodes>
      <leafValues>
        4.4293694198131561e-02 -5.0284230709075928e-01</leafValues></_>
    <_>
      <internalNodes>
        0 -1 10898 3.6967489868402481e-02</internalNodes>
      <leafValues>
        -7.8405760228633881e-02 2.6528373360633850e-01</leafValues></_>
    <_>
      <internalNodes>
        0 -1 24382 -1.4779861085116863e-02</internalNodes>
      <leafValues>
        2.7762168645858765e-01 -6.4063802361488342e-02</leafValues></_>
    <_>
      <internalNodes>
        0 -1 24417 -3.4987693652510643e-03</internalNodes>
      <leafValues>
        -4.2535638809204102e-01 4.7128085047006607e-02</leafValues></_>
    <_>
      <internalNodes>
        0 -1 155 1.5663518011569977e-01</internalNodes>
      <leafValues>
        -5.6296270340681076e-02 3.5930389165878296e-01</leafValues></_>
    <_>
      <internalNodes>
        0 -1 2197 -6.7219799384474754e-03</internalNodes>
      <leafValues>
        1.7719036340713501e-01 -1.1661531031131744e-01</leafValues></_>
    <_>
      <internalNodes>
        0 -1 11568 4.2456099763512611e-03</internalNodes>
      <leafValues>
        4.5396424829959869e-02 -4.1069841384887695e-01</leafValues></_>
    <_>
      <internalNodes>
        0 -1 24 -1.0401936247944832e-02</internalNodes>
      <leafValues>
        -3.4684106707572937e-01 4.5912500470876694e-02</leafValues></_>
    <_>
      <internalNodes>
        0 -1 17485 2.6144118979573250e-02</internalNodes>
      <leafValues>
        -7.0766776800155640e-02 2.4498060345649719e-01</leafValues></_>
    <_>
      <internalNodes>
        0 -1 13737 1.1380426585674286e-02</internalNodes>
      <leafValues>
        -1.1171219497919083e-01 2.1308784186840057e-01</leafValues></_>
    <_>
      <internalNodes>
        0 -1 33039 -6.8532521836459637e-03</internalNodes>
      <leafValues>
        -5.1287728548049927e-01 3.8500472903251648e-02</leafValues></_>
    <_>
      <internalNodes>
        0 -1 32409 2.0257835276424885e-03</internalNodes>
      <leafValues>
        -1.2286087125539780e-01 1.3103100657463074e-01</leafValues></_>
    <_>
      <internalNodes>
        0 -1 24594 5.7165544480085373e-02</internalNodes>
      <leafValues>
        -7.0468410849571228e-02 2.7269744873046875e-01</leafValues></_>
    <_>
      <internalNodes>
        0 -1 19042 -4.7502866946160793e-03</internalNodes>
      <leafValues>
        -3.9994037151336670e-01 4.7138199210166931e-02</leafValues></_>
    <_>
      <internalNodes>
        0 -1 22031 3.6794994957745075e-03</internalNodes>
      <leafValues>
        5.1813997328281403e-02 -3.2374596595764160e-01</leafValues></_>
    <_>
      <internalNodes>
        0 -1 1 1.3356612762436271e-03</internalNodes>
      <leafValues>
        -1.5402244031429291e-01 1.1133223772048950e-01</leafValues></_>
    <_>
      <internalNodes>
        0 -1 24569 -1.7712615430355072e-02</internalNodes>
      <leafValues>
        1.5286166965961456e-01 -1.0520701855421066e-01</leafValues></_>
    <_>
      <internalNodes>
        0 -1 4632 4.6647064387798309e-02</internalNodes>
      <leafValues>
        -6.3125006854534149e-02 2.7032950520515442e-01</leafValues></_>
    <_>
      <internalNodes>
        0 -1 1256 1.4807069301605225e-01</internalNodes>
      <leafValues>
        4.6948172152042389e-02 -4.6172603964805603e-01</leafValues></_>
    <_>
      <internalNodes>
        0 -1 23647 -1.7896061763167381e-02</internalNodes>
      <leafValues>
        -5.5427956581115723e-01 2.6566511020064354e-02</leafValues></_>
    <_>
      <internalNodes>
        0 -1 2192 1.4423813670873642e-02</internalNodes>
      <leafValues>
        2.5708667933940887e-02 -5.2649497985839844e-01</leafValues></_>
    <_>
      <internalNodes>
        0 -1 15095 6.1944678425788879e-02</internalNodes>
      <leafValues>
        -3.6904063075780869e-02 4.4524046778678894e-01</leafValues></_>
    <_>
      <internalNodes>
        0 -1 21697 6.8046222440898418e-03</internalNodes>
      <leafValues>
        4.1383013129234314e-02 -4.4475156068801880e-01</leafValues></_>
    <_>
      <internalNodes>
        0 -1 174 -2.8975412249565125e-02</internalNodes>
      <leafValues>
        1.7107135057449341e-01 -9.1534361243247986e-02</leafValues></_>
    <_>
      <internalNodes>
        0 -1 18719 -2.7318697422742844e-02</internalNodes>
      <leafValues>
        2.4132964015007019e-01 -9.4821631908416748e-02</leafValues></_>
    <_>
      <internalNodes>
        0 -1 11588 7.1130674332380295e-03</internalNodes>
      <leafValues>
        5.6631993502378464e-02 -2.8842678666114807e-01</leafValues></_>
    <_>
      <internalNodes>
        0 -1 1377 -3.2578958780504763e-05</internalNodes>
      <leafValues>
        1.2157107144594193e-01 -1.1979075521230698e-01</leafValues></_>
    <_>
      <internalNodes>
        0 -1 16301 1.8984202295541763e-02</internalNodes>
      <leafValues>
        -1.3214080035686493e-01 1.1016177386045456e-01</leafValues></_>
    <_>
      <internalNodes>
        0 -1 31213 1.5910070389509201e-02</internalNodes>
      <leafValues>
        4.8719108104705811e-02 -2.9566380381584167e-01</leafValues></_>
    <_>
      <internalNodes>
        0 -1 15608 2.1211005747318268e-02</internalNodes>
      <leafValues>
        -7.3808640241622925e-02 1.9243425130844116e-01</leafValues></_>
    <_>
      <internalNodes>
        0 -1 21696 -5.8416700921952724e-03</internalNodes>
      <leafValues>
        -5.2317923307418823e-01 2.7517838403582573e-02</leafValues></_>
    <_>
      <internalNodes>
        0 -1 14011 2.6041323319077492e-02</internalNodes>
      <leafValues>
        -5.8053355664014816e-02 2.3901845514774323e-01</leafValues></_>
    <_>
      <internalNodes>
        0 -1 14465 1.5116074122488499e-02</internalNodes>
      <leafValues>
        -7.1474947035312653e-02 1.9616091251373291e-01</leafValues></_>
    <_>
      <internalNodes>
        0 -1 15805 1.3289994001388550e-01</internalNodes>
      <leafValues>
        -7.4414551258087158e-02 1.8044802546501160e-01</leafValues></_>
    <_>
      <internalNodes>
        0 -1 30953 2.7878051623702049e-02</internalNodes>
      <leafValues>
        4.5968025922775269e-02 -3.6061581969261169e-01</leafValues></_>
    <_>
      <internalNodes>
        0 -1 24002 2.7525732293725014e-02</internalNodes>
      <leafValues>
        2.1334666758775711e-02 -5.9846991300582886e-01</leafValues></_>
    <_>
      <internalNodes>
        0 -1 2456 4.8567485064268112e-03</internalNodes>
      <leafValues>
        3.3325076103210449e-02 -3.3051756024360657e-01</leafValues></_>
    <_>
      <internalNodes>
        0 -1 7256 -6.9047279655933380e-02</internalNodes>
      <leafValues>
        3.9543107151985168e-01 -3.4286312758922577e-02</leafValues></_>
    <_>
      <internalNodes>
        0 -1 2760 6.5484526567161083e-03</internalNodes>
      <leafValues>
        4.1753593832254410e-02 -3.1215617060661316e-01</leafValues></_>
    <_>
      <internalNodes>
        0 -1 11583 -1.2305620475672185e-04</internalNodes>
      <leafValues>
        1.0827000439167023e-01 -1.1495492607355118e-01</leafValues></_>
    <_>
      <internalNodes>
        0 -1 30942 -3.0945170670747757e-02</internalNodes>
      <leafValues>
        -4.5259770750999451e-01 2.7476334944367409e-02</leafValues></_>
    <_>
      <internalNodes>
        0 -1 21807 -8.9597105979919434e-03</internalNodes>
      <leafValues>
        1.9995844364166260e-01 -6.8361282348632813e-02</leafValues></_>
    <_>
      <internalNodes>
        0 -1 32197 1.2619750574231148e-02</internalNodes>
      <leafValues>
        -7.1124188601970673e-02 1.8812440335750580e-01</leafValues></_>
    <_>
      <internalNodes>
        0 -1 19517 -5.9602432884275913e-03</internalNodes>
      <leafValues>
        -2.4593107402324677e-01 4.9475967884063721e-02</leafValues></_>
    <_>
      <internalNodes>
        0 -1 33019 -9.0267471969127655e-03</internalNodes>
      <leafValues>
        -5.4578125476837158e-01 2.0112618803977966e-02</leafValues></_>
    <_>
      <internalNodes>
        0 -1 16919 2.0958023145794868e-02</internalNodes>
      <leafValues>
        -5.1689326763153076e-02 2.4432070553302765e-01</leafValues></_>
    <_>
      <internalNodes>
        0 -1 910 -2.2350323200225830e-01</internalNodes>
      <leafValues>
        5.0088644027709961e-01 -2.5766152888536453e-02</leafValues></_>
    <_>
      <internalNodes>
        0 -1 2525 4.3678641319274902e-02</internalNodes>
      <leafValues>
        3.3798776566982269e-02 -3.8695147633552551e-01</leafValues></_>
    <_>
      <internalNodes>
        0 -1 3806 8.3908485248684883e-03</internalNodes>
      <leafValues>
        -7.9580739140510559e-02 1.6217051446437836e-01</leafValues></_>
    <_>
      <internalNodes>
        0 -1 11458 1.5400919131934643e-02</internalNodes>
      <leafValues>
        -7.7850401401519775e-02 1.6354726254940033e-01</leafValues></_>
    <_>
      <internalNodes>
        0 -1 21595 -1.5459545888006687e-02</internalNodes>
      <leafValues>
        2.3409026861190796e-01 -7.5905621051788330e-02</leafValues></_>
    <_>
      <internalNodes>
        0 -1 7160 -6.2473125755786896e-02</internalNodes>
      <leafValues>
        2.0137818157672882e-01 -6.9098904728889465e-02</leafValues></_>
    <_>
      <internalNodes>
        0 -1 26612 -2.0073898136615753e-02</internalNodes>
      <leafValues>
        -3.8904130458831787e-01 3.3809717744588852e-02</leafValues></_>
    <_>
      <internalNodes>
        0 -1 5584 1.4392846822738647e-01</internalNodes>
      <leafValues>
        -5.7193357497453690e-02 2.3182286322116852e-01</leafValues></_>
    <_>
      <internalNodes>
        0 -1 14417 4.1045527905225754e-03</internalNodes>
      <leafValues>
        -9.2492580413818359e-02 1.2842006981372833e-01</leafValues></_>
    <_>
      <internalNodes>
        0 -1 11124 3.3752989023923874e-02</internalNodes>
      <leafValues>
        2.1135115996003151e-02 -6.0447245836257935e-01</leafValues></_>
    <_>
      <internalNodes>
        0 -1 14695 -1.6555240377783775e-02</internalNodes>
      <leafValues>
        -5.0224995613098145e-01 2.2334171459078789e-02</leafValues></_>
    <_>
      <internalNodes>
        0 -1 3898 -1.7863668035715818e-03</internalNodes>
      <leafValues>
        -1.7890863120555878e-01 6.4126133918762207e-02</leafValues></_>
    <_>
      <internalNodes>
        0 -1 3898 4.8907860182225704e-03</internalNodes>
      <leafValues>
        4.4211547821760178e-02 -2.9736950993537903e-01</leafValues></_>
    <_>
      <internalNodes>
        0 -1 15099 -7.4867695569992065e-02</internalNodes>
      <leafValues>
        4.2431458830833435e-01 -2.9218500480055809e-02</leafValues></_>
    <_>
      <internalNodes>
        0 -1 3893 2.6917662471532822e-02</internalNodes>
      <leafValues>
        -7.3224745690822601e-02 1.6175335645675659e-01</leafValues></_>
    <_>
      <internalNodes>
        0 -1 33120 1.0678700171411037e-02</internalNodes>
      <leafValues>
        3.1988851726055145e-02 -4.0834155678749084e-01</leafValues></_>
    <_>
      <internalNodes>
        0 -1 429 2.6388978585600853e-03</internalNodes>
      <leafValues>
        -1.7829336225986481e-01 6.5473690629005432e-02</leafValues></_>
    <_>
      <internalNodes>
        0 -1 30918 8.4900539368391037e-03</internalNodes>
      <leafValues>
        3.9910573512315750e-02 -2.9814508557319641e-01</leafValues></_>
    <_>
      <internalNodes>
        0 -1 18624 -1.0729862377047539e-02</internalNodes>
      <leafValues>
        1.8533568084239960e-01 -6.8266995251178741e-02</leafValues></_>
    <_>
      <internalNodes>
        0 -1 98 -1.1169467121362686e-02</internalNodes>
      <leafValues>
        1.4470380544662476e-01 -1.0372933000326157e-01</leafValues></_>
    <_>
      <internalNodes>
        0 -1 2 -1.4173856470733881e-04</internalNodes>
      <leafValues>
        1.1020754277706146e-01 -1.0900636017322540e-01</leafValues></_>
    <_>
      <internalNodes>
        0 -1 15005 -1.8041269853711128e-02</internalNodes>
      <leafValues>
        1.8520244956016541e-01 -6.1013158410787582e-02</leafValues></_></weakClassifiers></stage5>
</opencv_storage>
