<?xml version="1.0"?>
<opencv_storage>
<stage1>
  <maxWeakCount>30</maxWeakCount>
  <stageThreshold>-1.7703567743301392e+00</stageThreshold>
  <weakClassifiers>
    <_>
      <internalNodes>
        0 -1 480 9.3808323144912720e-03</internalNodes>
      <leafValues>
        -5.2382642030715942e-01 3.8295754790306091e-01</leafValues></_>
    <_>
      <internalNodes>
        0 -1 8130 -5.4872936743777245e-05</internalNodes>
      <leafValues>
        2.2713176906108856e-01 -5.9063667058944702e-01</leafValues></_>
    <_>
      <internalNodes>
        0 -1 32892 3.2871800940483809e-03</internalNodes>
      <leafValues>
        -4.2655375599861145e-01 2.4097920954227448e-01</leafValues></_>
    <_>
      <internalNodes>
        0 -1 7650 -6.3177928328514099e-02</internalNodes>
      <leafValues>
        7.0046716928482056e-01 -1.3207964599132538e-01</leafValues></_>
    <_>
      <internalNodes>
        0 -1 11459 -5.2797861397266388e-02</internalNodes>
      <leafValues>
        7.1688163280487061e-01 -1.3198891282081604e-01</leafValues></_>
    <_>
      <internalNodes>
        0 -1 8270 1.5850743651390076e-01</internalNodes>
      <leafValues>
        -2.1469530463218689e-01 4.1460350155830383e-01</leafValues></_>
    <_>
      <internalNodes>
        0 -1 3261 -1.6307392716407776e-01</internalNodes>
      <leafValues>
        6.5031516551971436e-01 -1.1850767582654953e-01</leafValues></_>
    <_>
      <internalNodes>
        0 -1 11357 -6.6002041101455688e-02</internalNodes>
      <leafValues>
        7.5602263212203979e-01 -1.4569830894470215e-01</leafValues></_>
    <_>
      <internalNodes>
        0 -1 12023 1.0911445133388042e-02</internalNodes>
      <leafValues>
        1.4723804593086243e-01 -6.6914808750152588e-01</leafValues></_>
    <_>
      <internalNodes>
        0 -1 7027 -1.4361119270324707e-01</internalNodes>
      <leafValues>
        6.3083255290985107e-01 -1.3286602497100830e-01</leafValues></_>
    <_>
      <internalNodes>
        0 -1 13730 -9.1070666909217834e-02</internalNodes>
      <leafValues>
        5.8065623044967651e-01 -1.2232552468776703e-01</leafValues></_>
    <_>
      <internalNodes>
        0 -1 21808 6.3526364974677563e-03</internalNodes>
      <leafValues>
        1.3887485861778259e-01 -5.5023866891860962e-01</leafValues></_>
    <_>
      <internalNodes>
        0 -1 1229 8.1333488225936890e-02</internalNodes>
      <leafValues>
        1.0117006301879883e-01 -5.2565443515777588e-01</leafValues></_>
    <_>
      <internalNodes>
        0 -1 21696 -4.3161697685718536e-03</internalNodes>
      <leafValues>
        -6.1943483352661133e-01 9.5608107745647430e-02</leafValues></_>
    <_>
      <internalNodes>
        0 -1 18729 6.4018793404102325e-02</internalNodes>
      <leafValues>
        -1.3187558948993683e-01 3.8882896304130554e-01</leafValues></_>
    <_>
      <internalNodes>
        0 -1 21696 4.2006219737231731e-03</internalNodes>
      <leafValues>
        9.0269885957241058e-02 -5.1258659362792969e-01</leafValues></_>
    <_>
      <internalNodes>
        0 -1 18740 -6.2753900885581970e-02</internalNodes>
      <leafValues>
        3.3041179180145264e-01 -1.4171358942985535e-01</leafValues></_>
    <_>
      <internalNodes>
        0 -1 11895 -9.7480028867721558e-02</internalNodes>
      <leafValues>
        -5.3611618280410767e-01 7.9498536884784698e-02</leafValues></_>
    <_>
      <internalNodes>
        0 -1 18374 -5.4361321032047272e-02</internalNodes>
      <leafValues>
        6.7223620414733887e-01 -6.7994236946105957e-02</leafValues></_>
    <_>
      <internalNodes>
        0 -1 30930 -2.1560845896601677e-02</internalNodes>
      <leafValues>
        -5.5139476060867310e-01 7.7653728425502777e-02</leafValues></_>
    <_>
      <internalNodes>
        0 -1 17 2.9295971617102623e-03</internalNodes>
      <leafValues>
        -2.5009015202522278e-01 1.4652997255325317e-01</leafValues></_>
    <_>
      <internalNodes>
        0 -1 30918 1.0970449075102806e-02</internalNodes>
      <leafValues>
        7.4968002736568451e-02 -5.3170377016067505e-01</leafValues></_>
    <_>
      <internalNodes>
        0 -1 18371 3.5215102136135101e-02</internalNodes>
      <leafValues>
        -8.5289232432842255e-02 4.6538710594177246e-01</leafValues></_>
    <_>
      <internalNodes>
        0 -1 32884 4.4436070311348885e-05</internalNodes>
      <leafValues>
        -2.4764433503150940e-01 1.4017637073993683e-01</leafValues></_>
    <_>
      <internalNodes>
        0 -1 18463 -4.9582086503505707e-02</internalNodes>
      <leafValues>
        6.0659605264663696e-01 -6.2854878604412079e-02</leafValues></_>
    <_>
      <internalNodes>
        0 -1 24368 -1.1330481618642807e-02</internalNodes>
      <leafValues>
        -5.7925993204116821e-01 6.7954905331134796e-02</leafValues></_>
    <_>
      <internalNodes>
        0 -1 15308 -8.3305403590202332e-02</internalNodes>
      <leafValues>
        4.4666561484336853e-01 -9.0778492391109467e-02</leafValues></_>
    <_>
      <internalNodes>
        0 -1 33019 -5.7283099740743637e-03</internalNodes>
      <leafValues>
        -5.1376259326934814e-01 7.5934760272502899e-02</leafValues></_>
    <_>
      <internalNodes>
        0 -1 33039 -5.5069364607334137e-03</internalNodes>
      <leafValues>
        -5.0570768117904663e-01 6.1536818742752075e-02</leafValues></_>
    <_>
      <internalNodes>
        0 -1 8174 -6.1757892370223999e-02</internalNodes>
      <leafValues>
        3.6427414417266846e-01 -9.7709879279136658e-02</leafValues></_></weakClassifiers></stage1>
</opencv_storage>
