<?xml version="1.0"?>
<opencv_storage>
<stage6>
  <maxWeakCount>100</maxWeakCount>
  <stageThreshold>-1.6558532714843750e+00</stageThreshold>
  <weakClassifiers>
    <_>
      <internalNodes>
        0 -1 8130 -1.2934054248034954e-03</internalNodes>
      <leafValues>
        1.3148154318332672e-01 -4.5739558339118958e-01</leafValues></_>
    <_>
      <internalNodes>
        0 -1 32892 5.5742738768458366e-03</internalNodes>
      <leafValues>
        -3.2781824469566345e-01 1.5738372504711151e-01</leafValues></_>
    <_>
      <internalNodes>
        0 -1 12890 2.0513735711574554e-02</internalNodes>
      <leafValues>
        -1.6305029392242432e-01 2.8747493028640747e-01</leafValues></_>
    <_>
      <internalNodes>
        0 -1 747 -3.7539534270763397e-02</internalNodes>
      <leafValues>
        1.4432057738304138e-01 -3.0078116059303284e-01</leafValues></_>
    <_>
      <internalNodes>
        0 -1 3638 -7.5706586241722107e-02</internalNodes>
      <leafValues>
        4.4379660487174988e-01 -8.1548467278480530e-02</leafValues></_>
    <_>
      <internalNodes>
        0 -1 14812 3.0201202258467674e-02</internalNodes>
      <leafValues>
        -1.5899990499019623e-01 3.2277944684028625e-01</leafValues></_>
    <_>
      <internalNodes>
        0 -1 12023 8.9160893112421036e-03</internalNodes>
      <leafValues>
        6.7012883722782135e-02 -5.2417451143264771e-01</leafValues></_>
    <_>
      <internalNodes>
        0 -1 19180 -1.0446220636367798e-02</internalNodes>
      <leafValues>
        -4.9542215466499329e-01 2.6077596470713615e-02</leafValues></_>
    <_>
      <internalNodes>
        0 -1 7781 -9.0566620230674744e-02</internalNodes>
      <leafValues>
        4.4924017786979675e-01 -6.4384356141090393e-02</leafValues></_>
    <_>
      <internalNodes>
        0 -1 3456 -5.8985922485589981e-02</internalNodes>
      <leafValues>
        3.6324131488800049e-01 -1.0114394128322601e-01</leafValues></_>
    <_>
      <internalNodes>
        0 -1 4036 -1.4704903587698936e-03</internalNodes>
      <leafValues>
        1.8325492739677429e-01 -1.9104622304439545e-01</leafValues></_>
    <_>
      <internalNodes>
        0 -1 4266 1.9523859024047852e-01</internalNodes>
      <leafValues>
        -1.4921028912067413e-01 2.5034847855567932e-01</leafValues></_>
    <_>
      <internalNodes>
        0 -1 14659 1.3847172260284424e-02</internalNodes>
      <leafValues>
        -1.1005318164825439e-01 2.6565828919410706e-01</leafValues></_>
    <_>
      <internalNodes>
        0 -1 18734 9.0050190687179565e-02</internalNodes>
      <leafValues>
        -1.0032369196414948e-01 3.1114193797111511e-01</leafValues></_>
    <_>
      <internalNodes>
        0 -1 33034 -4.6318268869072199e-04</internalNodes>
      <leafValues>
        1.2555615603923798e-01 -2.6239085197448730e-01</leafValues></_>
    <_>
      <internalNodes>
        0 -1 18820 1.2690504081547260e-04</internalNodes>
      <leafValues>
        -2.2760267555713654e-01 9.9642731249332428e-02</leafValues></_>
    <_>
      <internalNodes>
        0 -1 15411 -1.5157344751060009e-02</internalNodes>
      <leafValues>
        -5.3994745016098022e-01 4.7529563307762146e-02</leafValues></_>
    <_>
      <internalNodes>
        0 -1 16180 -6.1431699432432652e-03</internalNodes>
      <leafValues>
        -3.5515156388282776e-01 5.7865891605615616e-02</leafValues></_>
    <_>
      <internalNodes>
        0 -1 21474 -1.4101648703217506e-02</internalNodes>
      <leafValues>
        -4.5292624831199646e-01 4.4210698455572128e-02</leafValues></_>
    <_>
      <internalNodes>
        0 -1 26988 -5.7375971227884293e-03</internalNodes>
      <leafValues>
        -3.6931577324867249e-01 5.1724594086408615e-02</leafValues></_>
    <_>
      <internalNodes>
        0 -1 7649 2.0219132304191589e-02</internalNodes>
      <leafValues>
        -9.5288276672363281e-02 2.0440477132797241e-01</leafValues></_>
    <_>
      <internalNodes>
        0 -1 15027 2.1951209753751755e-02</internalNodes>
      <leafValues>
        -9.5012098550796509e-02 2.5142380595207214e-01</leafValues></_>
    <_>
      <internalNodes>
        0 -1 15134 1.2652842327952385e-02</internalNodes>
      <leafValues>
        -1.0127045214176178e-01 2.0595945417881012e-01</leafValues></_>
    <_>
      <internalNodes>
        0 -1 31201 -1.1318086646497250e-02</internalNodes>
      <leafValues>
        -3.8961243629455566e-01 5.0739813596010208e-02</leafValues></_>
    <_>
      <internalNodes>
        0 -1 5675 -2.0997799932956696e-02</internalNodes>
      <leafValues>
        -4.2076745629310608e-01 4.4434990733861923e-02</leafValues></_>
    <_>
      <internalNodes>
        0 -1 15408 -2.4217271804809570e-01</internalNodes>
      <leafValues>
        3.3038887381553650e-01 -5.8113358914852142e-02</leafValues></_>
    <_>
      <internalNodes>
        0 -1 14309 1.2191422283649445e-02</internalNodes>
      <leafValues>
        4.4398467987775803e-02 -4.5433998107910156e-01</leafValues></_>
    <_>
      <internalNodes>
        0 -1 356 9.8154425621032715e-02</internalNodes>
      <leafValues>
        5.1028016954660416e-02 -3.5600340366363525e-01</leafValues></_>
    <_>
      <internalNodes>
        0 -1 17793 1.8162984400987625e-02</internalNodes>
      <leafValues>
        3.4803133457899094e-02 -5.0607210397720337e-01</leafValues></_>
    <_>
      <internalNodes>
        0 -1 18525 1.2785334140062332e-02</internalNodes>
      <leafValues>
        -9.2816062271595001e-02 1.9339041411876678e-01</leafValues></_>
    <_>
      <internalNodes>
        0 -1 3772 1.4978300780057907e-02</internalNodes>
      <leafValues>
        -1.0184697806835175e-01 1.7720799148082733e-01</leafValues></_>
    <_>
      <internalNodes>
        0 -1 22450 3.5045638680458069e-02</internalNodes>
      <leafValues>
        -5.9163432568311691e-02 2.8144153952598572e-01</leafValues></_>
    <_>
      <internalNodes>
        0 -1 21828 -1.6287945210933685e-02</internalNodes>
      <leafValues>
        2.0344500243663788e-01 -1.0939721763134003e-01</leafValues></_>
    <_>
      <internalNodes>
        0 -1 30930 -2.0006798207759857e-02</internalNodes>
      <leafValues>
        -4.2733848094940186e-01 3.9484642446041107e-02</leafValues></_>
    <_>
      <internalNodes>
        0 -1 30918 1.1412605643272400e-02</internalNodes>
      <leafValues>
        3.5052124410867691e-02 -4.5832523703575134e-01</leafValues></_>
    <_>
      <internalNodes>
        0 -1 10209 8.4438212215900421e-03</internalNodes>
      <leafValues>
        4.9784142524003983e-02 -3.1309410929679871e-01</leafValues></_>
    <_>
      <internalNodes>
        0 -1 1907 -3.3326603472232819e-02</internalNodes>
      <leafValues>
        1.6094021499156952e-01 -1.0132331401109695e-01</leafValues></_>
    <_>
      <internalNodes>
        0 -1 480 1.7400206997990608e-02</internalNodes>
      <leafValues>
        -1.4477090537548065e-01 1.3139642775058746e-01</leafValues></_>
    <_>
      <internalNodes>
        0 -1 5291 -1.1185508966445923e-01</internalNodes>
      <leafValues>
        -3.3005404472351074e-01 4.6477124094963074e-02</leafValues></_>
    <_>
      <internalNodes>
        0 -1 11677 2.4407535791397095e-02</internalNodes>
      <leafValues>
        2.5997871533036232e-02 -5.7497948408126831e-01</leafValues></_>
    <_>
      <internalNodes>
        0 -1 10430 2.4576786905527115e-02</internalNodes>
      <leafValues>
        -7.6476626098155975e-02 1.9960977137088776e-01</leafValues></_>
    <_>
      <internalNodes>
        0 -1 13725 1.2536555528640747e-02</internalNodes>
      <leafValues>
        -1.0182950645685196e-01 2.2273376584053040e-01</leafValues></_>
    <_>
      <internalNodes>
        0 -1 27004 2.6142159476876259e-03</internalNodes>
      <leafValues>
        5.6720718741416931e-02 -2.6780980825424194e-01</leafValues></_>
    <_>
      <internalNodes>
        0 -1 15479 2.4742262437939644e-02</internalNodes>
      <leafValues>
        3.9124555885791779e-02 -3.7274363636970520e-01</leafValues></_>
    <_>
      <internalNodes>
        0 -1 17202 -2.6680495589971542e-02</internalNodes>
      <leafValues>
        2.5129067897796631e-01 -6.2122214585542679e-02</leafValues></_>
    <_>
      <internalNodes>
        0 -1 5082 5.8492880314588547e-02</internalNodes>
      <leafValues>
        -5.5230543017387390e-02 2.6852068305015564e-01</leafValues></_>
    <_>
      <internalNodes>
        0 -1 120 -6.5342627465724945e-02</internalNodes>
      <leafValues>
        2.3983317613601685e-01 -8.2471974194049835e-02</leafValues></_>
    <_>
      <internalNodes>
        0 -1 12501 2.4036752060055733e-02</internalNodes>
      <leafValues>
        2.9958009719848633e-02 -4.9686115980148315e-01</leafValues></_>
    <_>
      <internalNodes>
        0 -1 12106 -2.7613442391157150e-02</internalNodes>
      <leafValues>
        -6.0157084465026855e-01 2.2880060598254204e-02</leafValues></_>
    <_>
      <internalNodes>
        0 -1 12445 2.0582046359777451e-02</internalNodes>
      <leafValues>
        -7.0192992687225342e-02 2.1520112454891205e-01</leafValues></_>
    <_>
      <internalNodes>
        0 -1 23440 -2.2970154881477356e-02</internalNodes>
      <leafValues>
        -4.7592312097549438e-01 3.2333608716726303e-02</leafValues></_>
    <_>
      <internalNodes>
        0 -1 2880 1.2025587260723114e-01</internalNodes>
      <leafValues>
        -7.6782003045082092e-02 2.0483702421188354e-01</leafValues></_>
    <_>
      <internalNodes>
        0 -1 2504 -1.0463090613484383e-02</internalNodes>
      <leafValues>
        -4.0643468499183655e-01 3.6218740046024323e-02</leafValues></_>
    <_>
      <internalNodes>
        0 -1 26462 -2.4452157318592072e-02</internalNodes>
      <leafValues>
        -5.8838695287704468e-01 1.9616281613707542e-02</leafValues></_>
    <_>
      <internalNodes>
        0 -1 32889 1.1503945104777813e-02</internalNodes>
      <leafValues>
        -7.0002898573875427e-02 1.8832474946975708e-01</leafValues></_>
    <_>
      <internalNodes>
        0 -1 32238 -4.1284104809165001e-03</internalNodes>
      <leafValues>
        -2.2592319548130035e-01 7.2509914636611938e-02</leafValues></_>
    <_>
      <internalNodes>
        0 -1 940 9.7563400864601135e-02</internalNodes>
      <leafValues>
        -8.1470005214214325e-02 1.6980299353599548e-01</leafValues></_>
    <_>
      <internalNodes>
        0 -1 3204 -9.9711991846561432e-02</internalNodes>
      <leafValues>
        -2.5559875369071960e-01 5.1496148109436035e-02</leafValues></_>
    <_>
      <internalNodes>
        0 -1 21815 -2.5668190792202950e-02</internalNodes>
      <leafValues>
        -4.5070454478263855e-01 2.5835672393441200e-02</leafValues></_>
    <_>
      <internalNodes>
        0 -1 17968 3.4527629613876343e-01</internalNodes>
      <leafValues>
        1.7765792086720467e-02 -6.4008885622024536e-01</leafValues></_>
    <_>
      <internalNodes>
        0 -1 3885 1.5774227678775787e-02</internalNodes>
      <leafValues>
        -9.2497430741786957e-02 1.4664408564567566e-01</leafValues></_>
    <_>
      <internalNodes>
        0 -1 29014 2.6467349380254745e-04</internalNodes>
      <leafValues>
        -1.3360209763050079e-01 1.3584695756435394e-01</leafValues></_>
    <_>
      <internalNodes>
        0 -1 10738 1.8592547625303268e-02</internalNodes>
      <leafValues>
        2.5604180991649628e-02 -4.7975826263427734e-01</leafValues></_>
    <_>
      <internalNodes>
        0 -1 2456 5.9392787516117096e-03</internalNodes>
      <leafValues>
        2.8163377195596695e-02 -3.8285011053085327e-01</leafValues></_>
    <_>
      <internalNodes>
        0 -1 3974 1.1203085887245834e-04</internalNodes>
      <leafValues>
        -1.0783245414495468e-01 1.0855343192815781e-01</leafValues></_>
    <_>
      <internalNodes>
        0 -1 14750 2.2350117564201355e-02</internalNodes>
      <leafValues>
        -4.8318006098270416e-02 2.3820699751377106e-01</leafValues></_>
    <_>
      <internalNodes>
        0 -1 17713 -2.4081952869892120e-02</internalNodes>
      <leafValues>
        2.3237836360931396e-01 -4.6137843281030655e-02</leafValues></_>
    <_>
      <internalNodes>
        0 -1 24400 3.0768350698053837e-03</internalNodes>
      <leafValues>
        6.2581211328506470e-02 -1.8836098909378052e-01</leafValues></_>
    <_>
      <internalNodes>
        0 -1 8162 -6.5534427762031555e-02</internalNodes>
      <leafValues>
        2.5685027241706848e-01 -4.2775187641382217e-02</leafValues></_>
    <_>
      <internalNodes>
        0 -1 15163 6.4372806809842587e-03</internalNodes>
      <leafValues>
        -6.6534258425235748e-02 2.1409869194030762e-01</leafValues></_>
    <_>
      <internalNodes>
        0 -1 19052 -1.9296210259199142e-02</internalNodes>
      <leafValues>
        -3.4932798147201538e-01 3.4145385026931763e-02</leafValues></_>
    <_>
      <internalNodes>
        0 -1 24579 8.2716464996337891e-02</internalNodes>
      <leafValues>
        -3.5869501531124115e-02 3.2610875368118286e-01</leafValues></_>
    <_>
      <internalNodes>
        0 -1 31076 2.0033862441778183e-02</internalNodes>
      <leafValues>
        3.8310207426548004e-02 -3.7034842371940613e-01</leafValues></_>
    <_>
      <internalNodes>
        0 -1 32136 6.2688346952199936e-03</internalNodes>
      <leafValues>
        3.3559739589691162e-02 -3.2684037089347839e-01</leafValues></_>
    <_>
      <internalNodes>
        0 -1 20871 4.5471512712538242e-03</internalNodes>
      <leafValues>
        -7.9757817089557648e-02 1.4609837532043457e-01</leafValues></_>
    <_>
      <internalNodes>
        0 -1 81 1.6314709791913629e-03</internalNodes>
      <leafValues>
        -8.7268754839897156e-02 1.2388394773006439e-01</leafValues></_>
    <_>
      <internalNodes>
        0 -1 4213 4.5546598732471466e-02</internalNodes>
      <leafValues>
        -8.8596045970916748e-02 1.3408166170120239e-01</leafValues></_>
    <_>
      <internalNodes>
        0 -1 8490 8.4615088999271393e-03</internalNodes>
      <leafValues>
        -8.5950933396816254e-02 1.4262574911117554e-01</leafValues></_>
    <_>
      <internalNodes>
        0 -1 7730 3.7650424242019653e-01</internalNodes>
      <leafValues>
        -1.7037553712725639e-02 6.5693837404251099e-01</leafValues></_>
    <_>
      <internalNodes>
        0 -1 1868 5.6862730532884598e-02</internalNodes>
      <leafValues>
        -4.6012081205844879e-02 2.2747853398323059e-01</leafValues></_>
    <_>
      <internalNodes>
        0 -1 14237 -1.8558310344815254e-02</internalNodes>
      <leafValues>
        1.5115234255790710e-01 -7.0902571082115173e-02</leafValues></_>
    <_>
      <internalNodes>
        0 -1 17927 1.0381594300270081e-02</internalNodes>
      <leafValues>
        -8.3281926810741425e-02 1.9242219626903534e-01</leafValues></_>
    <_>
      <internalNodes>
        0 -1 3780 1.0998411104083061e-02</internalNodes>
      <leafValues>
        2.7100943028926849e-02 -4.2007935047149658e-01</leafValues></_>
    <_>
      <internalNodes>
        0 -1 3667 1.7211679369211197e-02</internalNodes>
      <leafValues>
        2.5326110422611237e-02 -4.1951566934585571e-01</leafValues></_>
    <_>
      <internalNodes>
        0 -1 5276 -1.0416337288916111e-02</internalNodes>
      <leafValues>
        -1.8883170187473297e-01 5.5369254201650620e-02</leafValues></_>
    <_>
      <internalNodes>
        0 -1 32888 6.5791048109531403e-03</internalNodes>
      <leafValues>
        -7.0509910583496094e-02 1.6223417222499847e-01</leafValues></_>
    <_>
      <internalNodes>
        0 -1 22127 -3.5523446276783943e-03</internalNodes>
      <leafValues>
        -2.6893082261085510e-01 4.1229363530874252e-02</leafValues></_>
    <_>
      <internalNodes>
        0 -1 32196 1.3408804312348366e-02</internalNodes>
      <leafValues>
        -3.9934907108545303e-02 2.7763372659683228e-01</leafValues></_>
    <_>
      <internalNodes>
        0 -1 31005 7.5541557744145393e-03</internalNodes>
      <leafValues>
        -8.4557875990867615e-02 1.3152509927749634e-01</leafValues></_>
    <_>
      <internalNodes>
        0 -1 32640 -1.3502622954547405e-02</internalNodes>
      <leafValues>
        -4.3990626931190491e-01 2.5678584352135658e-02</leafValues></_>
    <_>
      <internalNodes>
        0 -1 16313 1.4198519056662917e-04</internalNodes>
      <leafValues>
        -1.0111926496028900e-01 1.0582037270069122e-01</leafValues></_>
    <_>
      <internalNodes>
        0 -1 18314 3.4226387739181519e-02</internalNodes>
      <leafValues>
        1.9882025197148323e-02 -5.4202419519424438e-01</leafValues></_>
    <_>
      <internalNodes>
        0 -1 18066 -4.8806924372911453e-02</internalNodes>
      <leafValues>
        3.0912110209465027e-01 -3.8147971034049988e-02</leafValues></_>
    <_>
      <internalNodes>
        0 -1 3838 3.0585131049156189e-01</internalNodes>
      <leafValues>
        -2.1725282073020935e-02 5.0305312871932983e-01</leafValues></_>
    <_>
      <internalNodes>
        0 -1 24233 1.9939552992582321e-02</internalNodes>
      <leafValues>
        2.8262292966246605e-02 -4.5122554898262024e-01</leafValues></_>
    <_>
      <internalNodes>
        0 -1 7751 -1.0920003801584244e-01</internalNodes>
      <leafValues>
        2.1860808134078979e-01 -4.9081992357969284e-02</leafValues></_>
    <_>
      <internalNodes>
        0 -1 1966 9.2840656638145447e-02</internalNodes>
      <leafValues>
        2.6792643591761589e-02 -4.6957796812057495e-01</leafValues></_>
    <_>
      <internalNodes>
        0 -1 11483 2.0395901054143906e-02</internalNodes>
      <leafValues>
        2.0088117569684982e-02 -4.6207833290100098e-01</leafValues></_>
    <_>
      <internalNodes>
        0 -1 11728 1.0444574058055878e-01</internalNodes>
      <leafValues>
        -4.5565210282802582e-02 2.2925847768783569e-01</leafValues></_>
    <_>
      <internalNodes>
        0 -1 15210 -1.1094063520431519e-02</internalNodes>
      <leafValues>
        1.6285005211830139e-01 -7.7040448784828186e-02</leafValues></_></weakClassifiers></stage6>
</opencv_storage>
