<?xml version="1.0"?>
<opencv_storage>
<stage11>
  <maxWeakCount>100</maxWeakCount>
  <stageThreshold>-1.5720459222793579e+00</stageThreshold>
  <weakClassifiers>
    <_>
      <internalNodes>
        0 -1 14750 -3.1869467347860336e-02</internalNodes>
      <leafValues>
        4.3784376978874207e-01 -9.7286723554134369e-02</leafValues></_>
    <_>
      <internalNodes>
        0 -1 15243 1.3154583983123302e-02</internalNodes>
      <leafValues>
        -1.4088378846645355e-01 2.6437258720397949e-01</leafValues></_>
    <_>
      <internalNodes>
        0 -1 32966 -7.7412007376551628e-03</internalNodes>
      <leafValues>
        6.8746216595172882e-02 -3.5289096832275391e-01</leafValues></_>
    <_>
      <internalNodes>
        0 -1 11586 -1.8239347264170647e-04</internalNodes>
      <leafValues>
        9.1292098164558411e-02 -3.3669817447662354e-01</leafValues></_>
    <_>
      <internalNodes>
        0 -1 3800 4.5385984703898430e-03</internalNodes>
      <leafValues>
        -8.5347220301628113e-02 3.0216288566589355e-01</leafValues></_>
    <_>
      <internalNodes>
        0 -1 92 -7.6648634858429432e-03</internalNodes>
      <leafValues>
        1.7849463224411011e-01 -1.5230502188205719e-01</leafValues></_>
    <_>
      <internalNodes>
        0 -1 8323 -2.8750710189342499e-02</internalNodes>
      <leafValues>
        -3.8330787420272827e-01 7.8015372157096863e-02</leafValues></_>
    <_>
      <internalNodes>
        0 -1 11356 5.2483890205621719e-02</internalNodes>
      <leafValues>
        -6.1862617731094360e-02 3.6456283926963806e-01</leafValues></_>
    <_>
      <internalNodes>
        0 -1 21514 -1.6752075403928757e-02</internalNodes>
      <leafValues>
        2.1224874258041382e-01 -1.1027105897665024e-01</leafValues></_>
    <_>
      <internalNodes>
        0 -1 8478 -1.7087164451368153e-04</internalNodes>
      <leafValues>
        1.0402370989322662e-01 -2.3539909720420837e-01</leafValues></_>
    <_>
      <internalNodes>
        0 -1 25422 1.5365732833743095e-02</internalNodes>
      <leafValues>
        -1.2386384606361389e-01 1.6788342595100403e-01</leafValues></_>
    <_>
      <internalNodes>
        0 -1 2902 9.7540449351072311e-03</internalNodes>
      <leafValues>
        -1.4683401584625244e-01 1.1902175098657608e-01</leafValues></_>
    <_>
      <internalNodes>
        0 -1 202 1.7407414317131042e-01</internalNodes>
      <leafValues>
        -4.6933159232139587e-02 3.2862433791160583e-01</leafValues></_>
    <_>
      <internalNodes>
        0 -1 24185 -2.5386787950992584e-02</internalNodes>
      <leafValues>
        2.7779096364974976e-01 -7.2244845330715179e-02</leafValues></_>
    <_>
      <internalNodes>
        0 -1 18680 1.3269500806927681e-02</internalNodes>
      <leafValues>
        5.4518327116966248e-02 -3.5856676101684570e-01</leafValues></_>
    <_>
      <internalNodes>
        0 -1 15252 -2.0213216543197632e-02</internalNodes>
      <leafValues>
        -4.6842631697654724e-01 3.8146693259477615e-02</leafValues></_>
    <_>
      <internalNodes>
        0 -1 17928 -2.2545514628291130e-02</internalNodes>
      <leafValues>
        2.0877972245216370e-01 -9.3389131128787994e-02</leafValues></_>
    <_>
      <internalNodes>
        0 -1 24622 1.1556826531887054e-02</internalNodes>
      <leafValues>
        -1.1853901296854019e-01 1.5263266861438751e-01</leafValues></_>
    <_>
      <internalNodes>
        0 -1 19179 -7.4645453132688999e-03</internalNodes>
      <leafValues>
        -5.2342283725738525e-01 3.4168392419815063e-02</leafValues></_>
    <_>
      <internalNodes>
        0 -1 81 3.5146486479789019e-03</internalNodes>
      <leafValues>
        -9.7925238311290741e-02 1.8093840777873993e-01</leafValues></_>
    <_>
      <internalNodes>
        0 -1 1767 -1.0875746374949813e-04</internalNodes>
      <leafValues>
        1.4093503355979919e-01 -1.2349907308816910e-01</leafValues></_>
    <_>
      <internalNodes>
        0 -1 1374 1.3109037536196411e-04</internalNodes>
      <leafValues>
        -1.5160074830055237e-01 1.0869535803794861e-01</leafValues></_>
    <_>
      <internalNodes>
        0 -1 3974 1.4201962039805949e-04</internalNodes>
      <leafValues>
        -1.2742999196052551e-01 1.1624851077795029e-01</leafValues></_>
    <_>
      <internalNodes>
        0 -1 15993 2.6203043758869171e-02</internalNodes>
      <leafValues>
        -6.1261214315891266e-02 2.4341943860054016e-01</leafValues></_>
    <_>
      <internalNodes>
        0 -1 5675 -1.5380866825580597e-02</internalNodes>
      <leafValues>
        -3.0099964141845703e-01 5.2778124809265137e-02</leafValues></_>
    <_>
      <internalNodes>
        0 -1 23994 -1.6160789877176285e-02</internalNodes>
      <leafValues>
        -5.2229541540145874e-01 2.3626601323485374e-02</leafValues></_>
    <_>
      <internalNodes>
        0 -1 4381 -2.3254390805959702e-02</internalNodes>
      <leafValues>
        -3.9566722512245178e-01 3.1900428235530853e-02</leafValues></_>
    <_>
      <internalNodes>
        0 -1 21863 1.0750505328178406e-01</internalNodes>
      <leafValues>
        -4.7088481485843658e-02 3.3251187205314636e-01</leafValues></_>
    <_>
      <internalNodes>
        0 -1 4269 1.0432758927345276e-01</internalNodes>
      <leafValues>
        -1.1000452935695648e-01 1.5449145436286926e-01</leafValues></_>
    <_>
      <internalNodes>
        0 -1 7272 1.3073609210550785e-02</internalNodes>
      <leafValues>
        -8.9508064091205597e-02 1.6247451305389404e-01</leafValues></_>
    <_>
      <internalNodes>
        0 -1 17202 1.7063252627849579e-02</internalNodes>
      <leafValues>
        -8.2932829856872559e-02 2.0526671409606934e-01</leafValues></_>
    <_>
      <internalNodes>
        0 -1 14639 1.0270847380161285e-01</internalNodes>
      <leafValues>
        -6.0641214251518250e-02 2.3705083131790161e-01</leafValues></_>
    <_>
      <internalNodes>
        0 -1 15182 2.2675197571516037e-02</internalNodes>
      <leafValues>
        -6.2662579119205475e-02 2.2190038859844208e-01</leafValues></_>
    <_>
      <internalNodes>
        0 -1 21474 -1.8631404265761375e-02</internalNodes>
      <leafValues>
        -5.1097202301025391e-01 2.9336379840970039e-02</leafValues></_>
    <_>
      <internalNodes>
        0 -1 24275 -2.5155633687973022e-02</internalNodes>
      <leafValues>
        2.0159673690795898e-01 -6.8934194743633270e-02</leafValues></_>
    <_>
      <internalNodes>
        0 -1 14611 1.1533198878169060e-02</internalNodes>
      <leafValues>
        -7.4648588895797729e-02 1.7546696960926056e-01</leafValues></_>
    <_>
      <internalNodes>
        0 -1 11568 -4.3261554092168808e-03</internalNodes>
      <leafValues>
        -3.5585942864418030e-01 3.7945095449686050e-02</leafValues></_>
    <_>
      <internalNodes>
        0 -1 12345 2.1733142435550690e-02</internalNodes>
      <leafValues>
        4.0172941982746124e-02 -3.3039996027946472e-01</leafValues></_>
    <_>
      <internalNodes>
        0 -1 11476 -1.0659780353307724e-02</internalNodes>
      <leafValues>
        -3.0573174357414246e-01 4.0275603532791138e-02</leafValues></_>
    <_>
      <internalNodes>
        0 -1 12725 2.2456295788288116e-02</internalNodes>
      <leafValues>
        3.9679288864135742e-02 -3.0240896344184875e-01</leafValues></_>
    <_>
      <internalNodes>
        0 -1 6105 1.6998514533042908e-02</internalNodes>
      <leafValues>
        -7.7421858906745911e-02 1.6965895891189575e-01</leafValues></_>
    <_>
      <internalNodes>
        0 -1 9927 7.2355531156063080e-03</internalNodes>
      <leafValues>
        4.6103063970804214e-02 -2.5745791196823120e-01</leafValues></_>
    <_>
      <internalNodes>
        0 -1 2454 -1.0369636584073305e-04</internalNodes>
      <leafValues>
        8.6895436048507690e-02 -1.5101689100265503e-01</leafValues></_>
    <_>
      <internalNodes>
        0 -1 1767 1.1314162111375481e-04</internalNodes>
      <leafValues>
        -9.3252860009670258e-02 1.2794576585292816e-01</leafValues></_>
    <_>
      <internalNodes>
        0 -1 2133 -5.5194008350372314e-01</internalNodes>
      <leafValues>
        -5.3282958269119263e-01 2.3740446195006371e-02</leafValues></_>
    <_>
      <internalNodes>
        0 -1 21806 -7.1266302838921547e-03</internalNodes>
      <leafValues>
        -5.0798809528350830e-01 2.1777495741844177e-02</leafValues></_>
    <_>
      <internalNodes>
        0 -1 29858 1.3898527622222900e-01</internalNodes>
      <leafValues>
        3.1653650104999542e-02 -3.4815254807472229e-01</leafValues></_>
    <_>
      <internalNodes>
        0 -1 15004 -1.5410773456096649e-02</internalNodes>
      <leafValues>
        1.8451213836669922e-01 -6.5335892140865326e-02</leafValues></_>
    <_>
      <internalNodes>
        0 -1 24316 7.6713333837687969e-03</internalNodes>
      <leafValues>
        -8.1671029329299927e-02 2.1492640674114227e-01</leafValues></_>
    <_>
      <internalNodes>
        0 -1 27672 -1.5245320275425911e-02</internalNodes>
      <leafValues>
        -3.7372636795043945e-01 3.2362584024667740e-02</leafValues></_>
    <_>
      <internalNodes>
        0 -1 32124 -1.2027253251289949e-04</internalNodes>
      <leafValues>
        1.1072593182325363e-01 -1.0372209548950195e-01</leafValues></_>
    <_>
      <internalNodes>
        0 -1 15139 -4.6416050754487514e-03</internalNodes>
      <leafValues>
        -3.1161871552467346e-01 3.6526709794998169e-02</leafValues></_>
    <_>
      <internalNodes>
        0 -1 15153 -8.8697895989753306e-05</internalNodes>
      <leafValues>
        9.9329791963100433e-02 -1.1060681194067001e-01</leafValues></_>
    <_>
      <internalNodes>
        0 -1 21739 -3.8924433290958405e-02</internalNodes>
      <leafValues>
        2.0963656902313232e-01 -5.9842467308044434e-02</leafValues></_>
    <_>
      <internalNodes>
        0 -1 18669 -1.3444980606436729e-02</internalNodes>
      <leafValues>
        2.4389003217220306e-01 -4.6525232493877411e-02</leafValues></_>
    <_>
      <internalNodes>
        0 -1 21707 5.0154384225606918e-03</internalNodes>
      <leafValues>
        -6.3249707221984863e-02 1.9906964898109436e-01</leafValues></_>
    <_>
      <internalNodes>
        0 -1 32884 4.4698029523715377e-04</internalNodes>
      <leafValues>
        -1.7956393957138062e-01 6.6346250474452972e-02</leafValues></_>
    <_>
      <internalNodes>
        0 -1 32145 -2.3572843521833420e-02</internalNodes>
      <leafValues>
        -4.1481578350067139e-01 2.8881972655653954e-02</leafValues></_>
    <_>
      <internalNodes>
        0 -1 18734 -3.6849521100521088e-02</internalNodes>
      <leafValues>
        1.7911262810230255e-01 -7.8798443078994751e-02</leafValues></_>
    <_>
      <internalNodes>
        0 -1 14257 1.4511298388242722e-02</internalNodes>
      <leafValues>
        -6.9665744900703430e-02 1.6329915821552277e-01</leafValues></_>
    <_>
      <internalNodes>
        0 -1 3455 8.4093287587165833e-03</internalNodes>
      <leafValues>
        -9.2483431100845337e-02 1.3563807308673859e-01</leafValues></_>
    <_>
      <internalNodes>
        0 -1 26623 -2.4294707924127579e-02</internalNodes>
      <leafValues>
        -5.3107315301895142e-01 2.2670594975352287e-02</leafValues></_>
    <_>
      <internalNodes>
        0 -1 3158 -1.5186490118503571e-01</internalNodes>
      <leafValues>
        -4.6840915083885193e-01 2.0533097907900810e-02</leafValues></_>
    <_>
      <internalNodes>
        0 -1 20997 -1.5998432412743568e-02</internalNodes>
      <leafValues>
        -4.1808667778968811e-01 2.4807410314679146e-02</leafValues></_>
    <_>
      <internalNodes>
        0 -1 3028 1.0930716991424561e-02</internalNodes>
      <leafValues>
        1.4588551595807076e-02 -6.1357069015502930e-01</leafValues></_>
    <_>
      <internalNodes>
        0 -1 17553 -2.3522622883319855e-02</internalNodes>
      <leafValues>
        -3.0439972877502441e-01 3.2363072037696838e-02</leafValues></_>
    <_>
      <internalNodes>
        0 -1 10478 6.4686029218137264e-03</internalNodes>
      <leafValues>
        5.2533946931362152e-02 -1.9454251229763031e-01</leafValues></_>
    <_>
      <internalNodes>
        0 -1 8046 7.9503245651721954e-03</internalNodes>
      <leafValues>
        -6.3005954027175903e-02 1.7042626440525055e-01</leafValues></_>
    <_>
      <internalNodes>
        0 -1 15574 1.2831993401050568e-02</internalNodes>
      <leafValues>
        2.6099137961864471e-02 -4.3346363306045532e-01</leafValues></_>
    <_>
      <internalNodes>
        0 -1 26911 -9.6961669623851776e-03</internalNodes>
      <leafValues>
        1.6048172116279602e-01 -6.2497809529304504e-02</leafValues></_>
    <_>
      <internalNodes>
        0 -1 32124 1.1216141137992963e-04</internalNodes>
      <leafValues>
        -9.6527740359306335e-02 1.3300485908985138e-01</leafValues></_>
    <_>
      <internalNodes>
        0 -1 31069 -5.8576529845595360e-03</internalNodes>
      <leafValues>
        -2.2554038465023041e-01 4.4046588242053986e-02</leafValues></_>
    <_>
      <internalNodes>
        0 -1 31032 1.6497701406478882e-02</internalNodes>
      <leafValues>
        -6.6201575100421906e-02 1.4662176370620728e-01</leafValues></_>
    <_>
      <internalNodes>
        0 -1 22513 -2.0609859377145767e-02</internalNodes>
      <leafValues>
        1.2984506785869598e-01 -8.5224449634552002e-02</leafValues></_>
    <_>
      <internalNodes>
        0 -1 31064 -1.2881150469183922e-02</internalNodes>
      <leafValues>
        -3.4462460875511169e-01 2.7348352596163750e-02</leafValues></_>
    <_>
      <internalNodes>
        0 -1 32270 7.3027773760259151e-04</internalNodes>
      <leafValues>
        -1.2419817596673965e-01 8.6914308369159698e-02</leafValues></_>
    <_>
      <internalNodes>
        0 -1 33120 1.5155733854044229e-04</internalNodes>
      <leafValues>
        -9.8127856850624084e-02 9.7741730511188507e-02</leafValues></_>
    <_>
      <internalNodes>
        0 -1 33120 1.0662170127034187e-02</internalNodes>
      <leafValues>
        2.7252890169620514e-02 -3.9293694496154785e-01</leafValues></_>
    <_>
      <internalNodes>
        0 -1 7950 4.2178010940551758e-01</internalNodes>
      <leafValues>
        -1.4974130317568779e-02 7.5764745473861694e-01</leafValues></_>
    <_>
      <internalNodes>
        0 -1 32514 1.3637110590934753e-02</internalNodes>
      <leafValues>
        -5.0887960940599442e-02 1.7596156895160675e-01</leafValues></_>
    <_>
      <internalNodes>
        0 -1 32437 -1.5661129727959633e-02</internalNodes>
      <leafValues>
        -5.5167669057846069e-01 1.8263665959239006e-02</leafValues></_>
    <_>
      <internalNodes>
        0 -1 13482 2.5476649170741439e-04</internalNodes>
      <leafValues>
        -7.7460244297981262e-02 1.2708100676536560e-01</leafValues></_>
    <_>
      <internalNodes>
        0 -1 9258 1.9026922062039375e-02</internalNodes>
      <leafValues>
        -4.3891087174415588e-02 2.1976482868194580e-01</leafValues></_>
    <_>
      <internalNodes>
        0 -1 7912 9.4614401459693909e-03</internalNodes>
      <leafValues>
        3.3032946288585663e-02 -2.9138770699501038e-01</leafValues></_>
    <_>
      <internalNodes>
        0 -1 32456 5.1372438669204712e-02</internalNodes>
      <leafValues>
        1.6685547307133675e-02 -4.9556735157966614e-01</leafValues></_>
    <_>
      <internalNodes>
        0 -1 11669 8.2765426486730576e-03</internalNodes>
      <leafValues>
        3.1143395230174065e-02 -2.6707938313484192e-01</leafValues></_>
    <_>
      <internalNodes>
        0 -1 16357 2.5934746488928795e-02</internalNodes>
      <leafValues>
        -4.4861420989036560e-02 1.9776111841201782e-01</leafValues></_>
    <_>
      <internalNodes>
        0 -1 23836 4.4471830129623413e-02</internalNodes>
      <leafValues>
        1.9508296623826027e-02 -4.6367719769477844e-01</leafValues></_>
    <_>
      <internalNodes>
        0 -1 7852 3.8376161456108093e-01</internalNodes>
      <leafValues>
        -1.7235442996025085e-02 6.3379657268524170e-01</leafValues></_>
    <_>
      <internalNodes>
        0 -1 24050 -6.7260013893246651e-03</internalNodes>
      <leafValues>
        1.4246183633804321e-01 -6.9313526153564453e-02</leafValues></_>
    <_>
      <internalNodes>
        0 -1 24417 -5.3566228598356247e-03</internalNodes>
      <leafValues>
        -4.7415003180503845e-01 1.9868852570652962e-02</leafValues></_>
    <_>
      <internalNodes>
        0 -1 30855 -9.6431057900190353e-03</internalNodes>
      <leafValues>
        1.4897257089614868e-01 -6.3097260892391205e-02</leafValues></_>
    <_>
      <internalNodes>
        0 -1 480 1.6285970807075500e-02</internalNodes>
      <leafValues>
        -1.2339469045400620e-01 7.8543849289417267e-02</leafValues></_>
    <_>
      <internalNodes>
        0 -1 2243 1.1669909581542015e-02</internalNodes>
      <leafValues>
        3.3183760941028595e-02 -2.6113712787628174e-01</leafValues></_>
    <_>
      <internalNodes>
        0 -1 23677 -1.0868022218346596e-02</internalNodes>
      <leafValues>
        1.5194563567638397e-01 -5.5831875652074814e-02</leafValues></_>
    <_>
      <internalNodes>
        0 -1 21074 3.8181042764335871e-03</internalNodes>
      <leafValues>
        -7.6225273311138153e-02 1.2697546184062958e-01</leafValues></_>
    <_>
      <internalNodes>
        0 -1 2961 1.8813297152519226e-01</internalNodes>
      <leafValues>
        -5.2056998014450073e-02 1.7509430646896362e-01</leafValues></_>
    <_>
      <internalNodes>
        0 -1 14603 -6.4803674817085266e-02</internalNodes>
      <leafValues>
        2.2425761818885803e-01 -4.5105721801519394e-02</leafValues></_>
    <_>
      <internalNodes>
        0 -1 10954 2.9114102944731712e-02</internalNodes>
      <leafValues>
        1.7473541200160980e-02 -5.9278452396392822e-01</leafValues></_>
    <_>
      <internalNodes>
        0 -1 15149 -3.5068402066826820e-03</internalNodes>
      <leafValues>
        1.8946909904479980e-01 -4.7539442777633667e-02</leafValues></_></weakClassifiers></stage11>
</opencv_storage>
