<?xml version="1.0"?>
<opencv_storage>
<stage12>
  <maxWeakCount>100</maxWeakCount>
  <stageThreshold>-1.6000134944915771e+00</stageThreshold>
  <weakClassifiers>
    <_>
      <internalNodes>
        0 -1 8130 -2.5867638178169727e-03</internalNodes>
      <leafValues>
        1.1517859995365143e-01 -3.6628696322441101e-01</leafValues></_>
    <_>
      <internalNodes>
        0 -1 32939 -1.1340147815644741e-02</internalNodes>
      <leafValues>
        1.3479726016521454e-01 -2.8475040197372437e-01</leafValues></_>
    <_>
      <internalNodes>
        0 -1 12535 2.5324286893010139e-02</internalNodes>
      <leafValues>
        -1.5979391336441040e-01 2.3397532105445862e-01</leafValues></_>
    <_>
      <internalNodes>
        0 -1 4401 -1.0733098536729813e-01</internalNodes>
      <leafValues>
        -3.9697456359863281e-01 5.4006285965442657e-02</leafValues></_>
    <_>
      <internalNodes>
        0 -1 6651 -6.3030377030372620e-02</internalNodes>
      <leafValues>
        -3.8086217641830444e-01 8.2793444395065308e-02</leafValues></_>
    <_>
      <internalNodes>
        0 -1 29231 4.4739460572600365e-03</internalNodes>
      <leafValues>
        -2.1373724937438965e-01 1.3791713118553162e-01</leafValues></_>
    <_>
      <internalNodes>
        0 -1 14799 -3.7580326199531555e-02</internalNodes>
      <leafValues>
        2.7232652902603149e-01 -1.0543985664844513e-01</leafValues></_>
    <_>
      <internalNodes>
        0 -1 11359 -3.5637296736240387e-02</internalNodes>
      <leafValues>
        3.0942159891128540e-01 -1.0566175729036331e-01</leafValues></_>
    <_>
      <internalNodes>
        0 -1 30918 8.9902728796005249e-03</internalNodes>
      <leafValues>
        3.2218020409345627e-02 -4.8524650931358337e-01</leafValues></_>
    <_>
      <internalNodes>
        0 -1 16 -5.1215332932770252e-03</internalNodes>
      <leafValues>
        -2.8196814656257629e-01 7.2881728410720825e-02</leafValues></_>
    <_>
      <internalNodes>
        0 -1 8874 -1.6077281907200813e-04</internalNodes>
      <leafValues>
        9.9382095038890839e-02 -2.0238548517227173e-01</leafValues></_>
    <_>
      <internalNodes>
        0 -1 3772 3.4718602895736694e-02</internalNodes>
      <leafValues>
        -7.2939850389957428e-02 2.3245020210742950e-01</leafValues></_>
    <_>
      <internalNodes>
        0 -1 18672 6.6048726439476013e-03</internalNodes>
      <leafValues>
        2.2587673738598824e-02 -3.9217525720596313e-01</leafValues></_>
    <_>
      <internalNodes>
        0 -1 18768 -6.2075685709714890e-03</internalNodes>
      <leafValues>
        -3.0054295063018799e-01 5.4338868707418442e-02</leafValues></_>
    <_>
      <internalNodes>
        0 -1 235 5.8168298564851284e-03</internalNodes>
      <leafValues>
        -1.4914429187774658e-01 9.9768638610839844e-02</leafValues></_>
    <_>
      <internalNodes>
        0 -1 4266 1.5799295902252197e-01</internalNodes>
      <leafValues>
        -8.3614572882652283e-02 1.8196035921573639e-01</leafValues></_>
    <_>
      <internalNodes>
        0 -1 8162 -3.8889773190021515e-02</internalNodes>
      <leafValues>
        2.3554553091526031e-01 -1.0994204133749008e-01</leafValues></_>
    <_>
      <internalNodes>
        0 -1 3891 3.0165564268827438e-02</internalNodes>
      <leafValues>
        -7.1532249450683594e-02 2.0380681753158569e-01</leafValues></_>
    <_>
      <internalNodes>
        0 -1 18633 -1.1422420851886272e-02</internalNodes>
      <leafValues>
        2.0949697494506836e-01 -7.3254421353340149e-02</leafValues></_>
    <_>
      <internalNodes>
        0 -1 7226 8.6422055959701538e-02</internalNodes>
      <leafValues>
        5.5826675146818161e-02 -2.6378342509269714e-01</leafValues></_>
    <_>
      <internalNodes>
        0 -1 17474 1.7380937933921814e-02</internalNodes>
      <leafValues>
        -9.2032179236412048e-02 1.5711775422096252e-01</leafValues></_>
    <_>
      <internalNodes>
        0 -1 11972 -2.5685358047485352e-01</internalNodes>
      <leafValues>
        1.5721656382083893e-01 -9.4675101339817047e-02</leafValues></_>
    <_>
      <internalNodes>
        0 -1 21185 -1.1932587251067162e-02</internalNodes>
      <leafValues>
        -3.8918524980545044e-01 3.1629689037799835e-02</leafValues></_>
    <_>
      <internalNodes>
        0 -1 11069 -5.2837722003459930e-02</internalNodes>
      <leafValues>
        2.8540828824043274e-01 -4.7180488705635071e-02</leafValues></_>
    <_>
      <internalNodes>
        0 -1 32970 1.2902158778160810e-04</internalNodes>
      <leafValues>
        -1.2925608456134796e-01 9.6483245491981506e-02</leafValues></_>
    <_>
      <internalNodes>
        0 -1 12423 7.6109273359179497e-03</internalNodes>
      <leafValues>
        4.5668683946132660e-02 -2.6678824424743652e-01</leafValues></_>
    <_>
      <internalNodes>
        0 -1 21867 -6.7019596695899963e-02</internalNodes>
      <leafValues>
        1.8943676352500916e-01 -6.6484086215496063e-02</leafValues></_>
    <_>
      <internalNodes>
        0 -1 82 -6.5163457766175270e-03</internalNodes>
      <leafValues>
        1.5344868600368500e-01 -9.5444165170192719e-02</leafValues></_>
    <_>
      <internalNodes>
        0 -1 30942 -2.0742107182741165e-02</internalNodes>
      <leafValues>
        -3.1973442435264587e-01 4.0772330015897751e-02</leafValues></_>
    <_>
      <internalNodes>
        0 -1 18560 8.1902686506509781e-03</internalNodes>
      <leafValues>
        -8.9505948126316071e-02 1.2546499073505402e-01</leafValues></_>
    <_>
      <internalNodes>
        0 -1 18523 2.1540706977248192e-02</internalNodes>
      <leafValues>
        -6.9465756416320801e-02 2.2399601340293884e-01</leafValues></_>
    <_>
      <internalNodes>
        0 -1 18522 -3.6500010639429092e-02</internalNodes>
      <leafValues>
        3.4651988744735718e-01 -3.5058271139860153e-02</leafValues></_>
    <_>
      <internalNodes>
        0 -1 160 2.8367681428790092e-02</internalNodes>
      <leafValues>
        -8.1270560622215271e-02 1.5937516093254089e-01</leafValues></_>
    <_>
      <internalNodes>
        0 -1 11588 9.1740824282169342e-03</internalNodes>
      <leafValues>
        3.6428645253181458e-02 -3.4181195497512817e-01</leafValues></_>
    <_>
      <internalNodes>
        0 -1 25644 8.6666774004697800e-03</internalNodes>
      <leafValues>
        -6.0204789042472839e-02 2.0666514337062836e-01</leafValues></_>
    <_>
      <internalNodes>
        0 -1 32144 1.4943871065042913e-04</internalNodes>
      <leafValues>
        -1.2063277512788773e-01 9.9351972341537476e-02</leafValues></_>
    <_>
      <internalNodes>
        0 -1 32463 1.3260188279673457e-04</internalNodes>
      <leafValues>
        -1.0413970798254013e-01 1.1215786635875702e-01</leafValues></_>
    <_>
      <internalNodes>
        0 -1 32229 -5.6886514648795128e-03</internalNodes>
      <leafValues>
        -3.0624175071716309e-01 4.1553828865289688e-02</leafValues></_>
    <_>
      <internalNodes>
        0 -1 32221 1.5099730808287859e-04</internalNodes>
      <leafValues>
        -1.5585261583328247e-01 7.4078768491744995e-02</leafValues></_>
    <_>
      <internalNodes>
        0 -1 3898 -3.0443267896771431e-03</internalNodes>
      <leafValues>
        -2.1348068118095398e-01 4.9061767756938934e-02</leafValues></_>
    <_>
      <internalNodes>
        0 -1 3898 4.5454767532646656e-03</internalNodes>
      <leafValues>
        4.2484547942876816e-02 -2.6133877038955688e-01</leafValues></_>
    <_>
      <internalNodes>
        0 -1 21100 -1.8698068335652351e-02</internalNodes>
      <leafValues>
        2.0538067817687988e-01 -5.5138945579528809e-02</leafValues></_>
    <_>
      <internalNodes>
        0 -1 33039 9.0695694088935852e-03</internalNodes>
      <leafValues>
        2.1284218877553940e-02 -5.6942784786224365e-01</leafValues></_>
    <_>
      <internalNodes>
        0 -1 33038 -6.4196949824690819e-03</internalNodes>
      <leafValues>
        -3.9631482958793640e-01 2.3283559828996658e-02</leafValues></_>
    <_>
      <internalNodes>
        0 -1 17499 -3.1392704695463181e-02</internalNodes>
      <leafValues>
        1.8297603726387024e-01 -6.2236320227384567e-02</leafValues></_>
    <_>
      <internalNodes>
        0 -1 940 5.5743992328643799e-02</internalNodes>
      <leafValues>
        -8.7767064571380615e-02 1.2948817014694214e-01</leafValues></_>
    <_>
      <internalNodes>
        0 -1 17483 9.7467061132192612e-03</internalNodes>
      <leafValues>
        -5.9876836836338043e-02 2.2336046397686005e-01</leafValues></_>
    <_>
      <internalNodes>
        0 -1 24834 -6.0563264414668083e-03</internalNodes>
      <leafValues>
        -2.8951349854469299e-01 3.9084576070308685e-02</leafValues></_>
    <_>
      <internalNodes>
        0 -1 32137 4.2273253202438354e-03</internalNodes>
      <leafValues>
        -5.1768083125352859e-02 2.3962850868701935e-01</leafValues></_>
    <_>
      <internalNodes>
        0 -1 18307 2.3375701159238815e-02</internalNodes>
      <leafValues>
        2.2541351616382599e-02 -5.1871508359909058e-01</leafValues></_>
    <_>
      <internalNodes>
        0 -1 10945 1.8534844741225243e-02</internalNodes>
      <leafValues>
        2.2845763713121414e-02 -4.4694161415100098e-01</leafValues></_>
    <_>
      <internalNodes>
        0 -1 14077 -1.9184596836566925e-02</internalNodes>
      <leafValues>
        -4.3493664264678955e-01 2.1487934514880180e-02</leafValues></_>
    <_>
      <internalNodes>
        0 -1 18739 1.2086430191993713e-01</internalNodes>
      <leafValues>
        -4.1507795453071594e-02 2.3721246421337128e-01</leafValues></_>
    <_>
      <internalNodes>
        0 -1 1875 9.2701256275177002e-02</internalNodes>
      <leafValues>
        -4.3896038085222244e-02 2.4996060132980347e-01</leafValues></_>
    <_>
      <internalNodes>
        0 -1 18583 1.2462466023862362e-02</internalNodes>
      <leafValues>
        2.6718351989984512e-02 -4.0610888600349426e-01</leafValues></_>
    <_>
      <internalNodes>
        0 -1 32197 1.6000462695956230e-02</internalNodes>
      <leafValues>
        -5.7742036879062653e-02 1.7362995445728302e-01</leafValues></_>
    <_>
      <internalNodes>
        0 -1 8277 9.2102466151118279e-03</internalNodes>
      <leafValues>
        4.3441411107778549e-02 -2.3399449884891510e-01</leafValues></_>
    <_>
      <internalNodes>
        0 -1 14417 -6.4572587609291077e-02</internalNodes>
      <leafValues>
        4.2130517959594727e-01 -2.4486500769853592e-02</leafValues></_>
    <_>
      <internalNodes>
        0 -1 2758 5.3020371124148369e-03</internalNodes>
      <leafValues>
        3.3095482736825943e-02 -2.9193547368049622e-01</leafValues></_>
    <_>
      <internalNodes>
        0 -1 81 4.7305836342275143e-03</internalNodes>
      <leafValues>
        -6.4549572765827179e-02 1.5380175411701202e-01</leafValues></_>
    <_>
      <internalNodes>
        0 -1 19517 -5.4820803925395012e-03</internalNodes>
      <leafValues>
        -2.2346310317516327e-01 4.0928952395915985e-02</leafValues></_>
    <_>
      <internalNodes>
        0 -1 609 4.8730544745922089e-02</internalNodes>
      <leafValues>
        -4.2863428592681885e-02 2.2512999176979065e-01</leafValues></_>
    <_>
      <internalNodes>
        0 -1 16042 1.8067289143800735e-02</internalNodes>
      <leafValues>
        3.6018367856740952e-02 -3.4291112422943115e-01</leafValues></_>
    <_>
      <internalNodes>
        0 -1 10209 7.0295846089720726e-03</internalNodes>
      <leafValues>
        4.4155985116958618e-02 -2.2262977063655853e-01</leafValues></_>
    <_>
      <internalNodes>
        0 -1 13725 2.2465921938419342e-02</internalNodes>
      <leafValues>
        -5.3126361221075058e-02 1.8310274183750153e-01</leafValues></_>
    <_>
      <internalNodes>
        0 -1 17170 -2.3460917174816132e-02</internalNodes>
      <leafValues>
        2.2206415235996246e-01 -5.5678788572549820e-02</leafValues></_>
    <_>
      <internalNodes>
        0 -1 10440 1.3313105329871178e-02</internalNodes>
      <leafValues>
        -7.5297079980373383e-02 1.5395437180995941e-01</leafValues></_>
    <_>
      <internalNodes>
        0 -1 5925 5.4041646420955658e-02</internalNodes>
      <leafValues>
        1.9591320306062698e-02 -5.4500478506088257e-01</leafValues></_>
    <_>
      <internalNodes>
        0 -1 29868 1.5327069559134543e-04</internalNodes>
      <leafValues>
        -9.5106199383735657e-02 1.0310024023056030e-01</leafValues></_>
    <_>
      <internalNodes>
        0 -1 29863 1.5098869334906340e-04</internalNodes>
      <leafValues>
        -8.6497329175472260e-02 1.1941280215978622e-01</leafValues></_>
    <_>
      <internalNodes>
        0 -1 31201 -1.1611625552177429e-02</internalNodes>
      <leafValues>
        -2.9150590300559998e-01 3.2265868037939072e-02</leafValues></_>
    <_>
      <internalNodes>
        0 -1 32168 -4.1301749646663666e-02</internalNodes>
      <leafValues>
        -4.2949691414833069e-01 1.9386688247323036e-02</leafValues></_>
    <_>
      <internalNodes>
        0 -1 15954 -1.2467009946703911e-04</internalNodes>
      <leafValues>
        9.7984239459037781e-02 -9.3411520123481750e-02</leafValues></_>
    <_>
      <internalNodes>
        0 -1 30397 2.2309534251689911e-02</internalNodes>
      <leafValues>
        1.9565224647521973e-02 -4.8300838470458984e-01</leafValues></_>
    <_>
      <internalNodes>
        0 -1 12445 -2.8756950050592422e-02</internalNodes>
      <leafValues>
        2.2514009475708008e-01 -4.0185775607824326e-02</leafValues></_>
    <_>
      <internalNodes>
        0 -1 1789 9.9487286061048508e-03</internalNodes>
      <leafValues>
        -5.4549716413021088e-02 1.8831840157508850e-01</leafValues></_>
    <_>
      <internalNodes>
        0 -1 24369 2.8192926198244095e-02</internalNodes>
      <leafValues>
        1.4565455727279186e-02 -6.5388548374176025e-01</leafValues></_>
    <_>
      <internalNodes>
        0 -1 14868 -3.2232884317636490e-02</internalNodes>
      <leafValues>
        2.8070449829101563e-01 -3.2501813024282455e-02</leafValues></_>
    <_>
      <internalNodes>
        0 -1 16303 1.3963384926319122e-01</internalNodes>
      <leafValues>
        -3.6491733044385910e-02 2.5239548087120056e-01</leafValues></_>
    <_>
      <internalNodes>
        0 -1 15525 5.6832745671272278e-02</internalNodes>
      <leafValues>
        2.2500034421682358e-02 -4.0462449193000793e-01</leafValues></_>
    <_>
      <internalNodes>
        0 -1 3893 2.6910543441772461e-02</internalNodes>
      <leafValues>
        -6.8136312067508698e-02 1.2765319645404816e-01</leafValues></_>
    <_>
      <internalNodes>
        0 -1 33119 1.0146699845790863e-02</internalNodes>
      <leafValues>
        2.4032957851886749e-02 -4.2142561078071594e-01</leafValues></_>
    <_>
      <internalNodes>
        0 -1 18437 -8.0514457076787949e-03</internalNodes>
      <leafValues>
        1.2801225483417511e-01 -7.0106796920299530e-02</leafValues></_>
    <_>
      <internalNodes>
        0 -1 33119 1.2359619722701609e-04</internalNodes>
      <leafValues>
        -9.4993434846401215e-02 9.9756218492984772e-02</leafValues></_>
    <_>
      <internalNodes>
        0 -1 7950 3.6410534381866455e-01</internalNodes>
      <leafValues>
        -1.6730960458517075e-02 5.1829349994659424e-01</leafValues></_>
    <_>
      <internalNodes>
        0 -1 31561 9.9574401974678040e-02</internalNodes>
      <leafValues>
        1.9277561455965042e-02 -4.7932675480842590e-01</leafValues></_>
    <_>
      <internalNodes>
        0 -1 21857 8.7843641638755798e-02</internalNodes>
      <leafValues>
        -3.7864841520786285e-02 2.3334877192974091e-01</leafValues></_>
    <_>
      <internalNodes>
        0 -1 32136 -1.4588152407668531e-04</internalNodes>
      <leafValues>
        6.4446829259395599e-02 -1.6249698400497437e-01</leafValues></_>
    <_>
      <internalNodes>
        0 -1 1941 2.4330370128154755e-02</internalNodes>
      <leafValues>
        2.0846314728260040e-02 -3.8049679994583130e-01</leafValues></_>
    <_>
      <internalNodes>
        0 -1 31197 1.1966247984673828e-04</internalNodes>
      <leafValues>
        -8.9594900608062744e-02 9.1641642153263092e-02</leafValues></_>
    <_>
      <internalNodes>
        0 -1 31453 2.0071071048732847e-04</internalNodes>
      <leafValues>
        -8.5485957562923431e-02 1.0075699537992477e-01</leafValues></_>
    <_>
      <internalNodes>
        0 -1 15027 5.3248628973960876e-02</internalNodes>
      <leafValues>
        -3.1575862318277359e-02 2.4882832169532776e-01</leafValues></_>
    <_>
      <internalNodes>
        0 -1 3778 7.8822709619998932e-03</internalNodes>
      <leafValues>
        2.5080751627683640e-02 -3.5621547698974609e-01</leafValues></_>
    <_>
      <internalNodes>
        0 -1 3900 1.1891414760611951e-04</internalNodes>
      <leafValues>
        -9.7309939563274384e-02 1.0082771629095078e-01</leafValues></_>
    <_>
      <internalNodes>
        0 -1 14962 1.1048234067857265e-02</internalNodes>
      <leafValues>
        2.7000436559319496e-02 -2.8974425792694092e-01</leafValues></_>
    <_>
      <internalNodes>
        0 -1 11310 2.2449724376201630e-02</internalNodes>
      <leafValues>
        -3.6203879863023758e-02 2.2459888458251953e-01</leafValues></_>
    <_>
      <internalNodes>
        0 -1 18539 1.0163782164454460e-02</internalNodes>
      <leafValues>
        2.9920794069766998e-02 -2.8215768933296204e-01</leafValues></_>
    <_>
      <internalNodes>
        0 -1 32194 3.6829360760748386e-03</internalNodes>
      <leafValues>
        -6.2602020800113678e-02 1.2372665852308273e-01</leafValues></_>
    <_>
      <internalNodes>
        0 -1 3465 1.3527227565646172e-02</internalNodes>
      <leafValues>
        1.7041418701410294e-02 -4.7010156512260437e-01</leafValues></_>
    <_>
      <internalNodes>
        0 -1 15337 -1.3016548007726669e-02</internalNodes>
      <leafValues>
        1.4655555784702301e-01 -5.5585715919733047e-02</leafValues></_></weakClassifiers></stage12>
</opencv_storage>
